director_name,actor_1_name,actor_2_name,actor_3_name,genres,movie_title,comb
Adam Robitel,Lin Shaye,Angus Sampson,Leigh Whannell,Horror Thriller,insidious: the last key,Lin Shaye Angus Sampson Leigh Whannell Adam Robitel Horror Thriller
Christopher Radcliff (director/screenplay); Lauren Wolkstein,Lauren Wolkstein (director); Alex Pettyfer,James Freedson-Jackson,Emily Althaus,Drama Mystery,the strange ones,Lauren Wolkstein (director); Alex Pettyfer James Freedson-Jackson Emily Althaus Christopher Radcliff (director/screenplay); Lauren Wolkstein Drama Mystery
Jaume Collet-Serra,Liam Neeson,Vera Farmiga,Patrick Wilson,Action Thriller Mystery,the commuter,Liam Neeson Vera Farmiga Patrick Wilson Jaume Collet-Serra Action Thriller Mystery
Babak Najafi,Taraji P. Henson,Jahi Di'Allo Winston,Billy Brown,Thriller Action Crime,proud mary,Taraji P. Henson Jahi Di'Allo Winston Billy Brown Babak Najafi Thriller Action Crime
Brett Donowho,Bruce Willis,Cole Hauser,Shawn Ashmore,Action Crime Thriller,acts of violence,Bruce Willis Cole Hauser Shawn Ashmore Brett Donowho Action Crime Thriller
Trudie Styler,Alex Lawther,Abigail Breslin,AnnaSophia Robb,Comedy Drama,freak show,Alex Lawther Abigail Breslin AnnaSophia Robb Trudie Styler Comedy Drama
Sam Hoffman,Jemaine Clement,Elliott Gould,Ingrid Michaelson,Documentary,humor me,Jemaine Clement Elliott Gould Ingrid Michaelson Sam Hoffman Documentary
Nicolai Fuglsig,Chris Hemsworth,Michael Shannon,Michael Peña,War Drama Action History,12 strong,Chris Hemsworth Michael Shannon Michael Peña Nicolai Fuglsig War Drama Action History
Christian Gudegast,Gerard Butler,Pablo Schreiber,O'Shea Jackson Jr.,Action Crime Thriller,den of thieves,Gerard Butler Pablo Schreiber O'Shea Jackson Jr. Christian Gudegast Action Crime Thriller
Bethany Ashton Wolf,Alex Roe,Jessica Rothe,John Benjamin Hickey,Romance Drama Music,forever my girl,Alex Roe Jessica Rothe John Benjamin Hickey Bethany Ashton Wolf Romance Drama Music
Jesse Keller,Carr Cavender,Molly Beucher,Connor Sullivan,Drama Thriller,thane of east county,Carr Cavender Molly Beucher Connor Sullivan Jesse Keller Drama Thriller
Wes Ball,Dylan O'Brien,Kaya Scodelario,Thomas Brodie-Sangster,Science Fiction Action Adventure Thriller,maze runner: the death cure,Dylan O'Brien Kaya Scodelario Thomas Brodie-Sangster Wes Ball Science Fiction Action Adventure Thriller
Ben Lewin,Dakota Fanning,Toni Collette,Alice Eve,Comedy Drama,please stand by,Dakota Fanning Toni Collette Alice Eve Ben Lewin Comedy Drama
The Spierig Brothers,Helen Mirren,Jason Clarke,Sarah Snook,Horror Thriller,winchester,Helen Mirren Jason Clarke Sarah Snook The Spierig Brothers Horror Thriller
Sebastián Lelio,Daniela Vega,Francisco Reyes Morandé,unknown,Drama,a fantastic woman,Daniela Vega Francisco Reyes Morandé unknown Sebastián Lelio Drama
Mario Van Peebles,Mario Van Peebles,Ryan Guzman,Columbus Short,Action Thriller,armed,Mario Van Peebles Ryan Guzman Columbus Short Mario Van Peebles Action Thriller
Julius Onah,Gugu Mbatha-Raw,Elizabeth Debicki,Aksel Hennie,Horror Science Fiction Thriller,the cloverfield paradox,Gugu Mbatha-Raw Elizabeth Debicki Aksel Hennie Julius Onah Horror Science Fiction Thriller
Bryan Coyne,Brea Grant,Graham Skipper,Aly Fitzgerald,Comedy,bad apples,Brea Grant Graham Skipper Aly Fitzgerald Bryan Coyne Comedy
Will Gluck,Rose Byrne,Domhnall Gleeson,Sam Neill,Animation Adventure Family,peter rabbit,Rose Byrne Domhnall Gleeson Sam Neill Will Gluck Animation Adventure Family
R. Balki,Akshay Kumar,Radhika Apte,unknown,Comedy Drama,pad man,Akshay Kumar Radhika Apte unknown R. Balki Comedy Drama
James Foley,Dakota Johnson,Jamie Dornan,Eric Johnson,Drama Romance,fifty shades freed,Dakota Johnson Jamie Dornan Eric Johnson James Foley Drama Romance
Clint Eastwood,Anthony Sadler,Alek Skarlatos,Spencer Stone,Drama Thriller,the 15:17 to paris,Anthony Sadler Alek Skarlatos Spencer Stone Clint Eastwood Drama Thriller
Brian Crano,Rebecca Hall,Dan Stevens,Gina Gershon,Comedy Romance Drama,permission,Rebecca Hall Dan Stevens Gina Gershon Brian Crano Comedy Romance Drama
Alex Ross Perry,Emily Browning,Adam Horowitz,Mary-Louise Parker,Drama,golden exits,Emily Browning Adam Horowitz Mary-Louise Parker Alex Ross Perry Drama
"Ryan Coogler (director/​screenplay); Joe Robert Cole (screenplay); Chadwick Boseman, Michael B. Jordan, Lupita Nyong'o, Danai Gurira, Martin Freeman, Daniel Kaluuya, Letitia Wright, Winston Duke, Sterling K. Brown, Angela Bassett, Forest Whitaker, Andy Serkis",Chadwick Boseman,Michael B. Jordan,Lupita Nyong'o,Action Adventure Science Fiction,black panther,"Chadwick Boseman Michael B. Jordan Lupita Nyong'o Ryan Coogler (director/​screenplay); Joe Robert Cole (screenplay); Chadwick Boseman, Michael B. Jordan, Lupita Nyong'o, Danai Gurira, Martin Freeman, Daniel Kaluuya, Letitia Wright, Winston Duke, Sterling K. Brown, Angela Bassett, Forest Whitaker, Andy Serkis Action Adventure Science Fiction"
Mark Pellington,Jon Hamm,Catherine Keener,John Ortiz,Drama,nostalgia,Jon Hamm Catherine Keener John Ortiz Mark Pellington Drama
Bruce Macdonald,Taylor James,Jackson Rathbone,Billy Zane,Action Drama Adventure,samson,Taylor James Jackson Rathbone Billy Zane Bruce Macdonald Action Drama Adventure
"John Francis Daley, Jonathan Goldstein",Jason Bateman,Rachel McAdams,Billy Magnussen,Mystery Comedy Crime,game night,"Jason Bateman Rachel McAdams Billy Magnussen John Francis Daley, Jonathan Goldstein Mystery Comedy Crime"
Alex Garland,Natalie Portman,Jennifer Jason Leigh,Gina Rodriguez,Science Fiction Horror,annihilation,Natalie Portman Jennifer Jason Leigh Gina Rodriguez Alex Garland Science Fiction Horror
Michael Sucsy,Angourie Rice,Justice Smith,Debby Ryan,Romance Fantasy,every day,Angourie Rice Justice Smith Debby Ryan Michael Sucsy Romance Fantasy
David Freyne,Ellen Page,Sam Keeley,Tom Vaughan-Lawlor,Horror Drama Science Fiction,the cured,Ellen Page Sam Keeley Tom Vaughan-Lawlor David Freyne Horror Drama Science Fiction
Francis Lawrence,Jennifer Lawrence,Joel Edgerton,Matthias Schoenaerts,Thriller Mystery,red sparrow,Jennifer Lawrence Joel Edgerton Matthias Schoenaerts Francis Lawrence Thriller Mystery
Eli Roth,Bruce Willis,Vincent D'Onofrio,Elisabeth Shue,Action Crime Thriller,death wish,Bruce Willis Vincent D'Onofrio Elisabeth Shue Eli Roth Action Crime Thriller
Shawn Christensen,Logan Lerman,Elle Fanning,Michelle Monaghan,Drama Mystery Romance,the vanishing of sidney hall,Logan Lerman Elle Fanning Michelle Monaghan Shawn Christensen Drama Mystery Romance
Usher Morgan,Elyse Price,Katie Vincent,Joel Bernard,Thriller Action Crime Drama Mystery,pickings,Elyse Price Katie Vincent Joel Bernard Usher Morgan Thriller Action Crime Drama Mystery
Ava DuVernay,Storm Reid,Oprah Winfrey,Reese Witherspoon,Adventure Science Fiction Family Fantasy,a wrinkle in time,Storm Reid Oprah Winfrey Reese Witherspoon Ava DuVernay Adventure Science Fiction Family Fantasy
Nash Edgerton,David Oyelowo,Charlize Theron,Joel Edgerton,Comedy Action Crime,gringo,David Oyelowo Charlize Theron Joel Edgerton Nash Edgerton Comedy Action Crime
Cory Finley,Olivia Cooke,Anya Taylor-Joy,Anton Yelchin,Drama Thriller,thoroughbreds,Olivia Cooke Anya Taylor-Joy Anton Yelchin Cory Finley Drama Thriller
Johannes Roberts,Christina Hendricks,Martin Henderson,Bailee Madison,Horror Thriller,the strangers: prey at night,Christina Hendricks Martin Henderson Bailee Madison Johannes Roberts Horror Thriller
Rob Cohen,Toby Kebbell,Maggie Grace,Ryan Kwanten,Action Adventure Crime Thriller,the hurricane heist,Toby Kebbell Maggie Grace Ryan Kwanten Rob Cohen Action Adventure Crime Thriller
Roar Uthaug,Alicia Vikander,Dominic West,Walton Goggins,Action Adventure Fantasy,tomb raider,Alicia Vikander Dominic West Walton Goggins Roar Uthaug Action Adventure Fantasy
Greg Berlanti,Nick Robinson,Josh Duhamel,Jennifer Garner,Comedy Drama Romance,"love, simon",Nick Robinson Josh Duhamel Jennifer Garner Greg Berlanti Comedy Drama Romance
Erwin brothers,J. Michael Finley,Madeline Carroll,Trace Adkins,Music Drama,i can only imagine,J. Michael Finley Madeline Carroll Trace Adkins Erwin brothers Music Drama
José Padilha,Rosamund Pike,Daniel Brühl,Eddie Marsan,Thriller Drama Crime,entebbe,Rosamund Pike Daniel Brühl Eddie Marsan José Padilha Thriller Drama Crime
Laurie Collyer,Tessa Thompson,Melissa Leo,Whoopi Goldberg,Comedy,furlough,Tessa Thompson Melissa Leo Whoopi Goldberg Laurie Collyer Comedy
Eric England,Sophie Turner,Dylan McDermott,Jack Kilmer,Thriller Drama,josie,Sophie Turner Dylan McDermott Jack Kilmer Eric England Thriller Drama
Max Winkler,Zoey Deutch,Kathryn Hahn,Tim Heidecker,Comedy Drama,flower,Zoey Deutch Kathryn Hahn Tim Heidecker Max Winkler Comedy Drama
Steven S. DeKnight,John Boyega,Scott Eastwood,Jing Tian,Action Fantasy Science Fiction Adventure,pacific rim uprising,John Boyega Scott Eastwood Jing Tian Steven S. DeKnight Action Fantasy Science Fiction Adventure
Wes Anderson,Bryan Cranston,Koyu Rankin,Edward Norton,Adventure Comedy Animation,isle of dogs,Bryan Cranston Koyu Rankin Edward Norton Wes Anderson Adventure Comedy Animation
John Stevenson,James McAvoy,Emily Blunt,Chiwetel Ejiofor,Animation Family Fantasy Comedy Adventure Mystery,sherlock gnomes,James McAvoy Emily Blunt Chiwetel Ejiofor John Stevenson Animation Family Fantasy Comedy Adventure Mystery
Steven Soderbergh,Claire Foy,Joshua Leonard,Jay Pharoah,Horror Thriller,unsane,Claire Foy Joshua Leonard Jay Pharoah Steven Soderbergh Horror Thriller
Andrew Hyatt,Jim Caviezel,Olivier Martinez,James Faulkner,Drama,"paul, apostle of christ",Jim Caviezel Olivier Martinez James Faulkner Andrew Hyatt Drama
Stanley Tucci,Geoffrey Rush,Armie Hammer,Clémence Poésy,History Drama,final portrait,Geoffrey Rush Armie Hammer Clémence Poésy Stanley Tucci History Drama
Scott Speer,Bella Thorne,Patrick Schwarzenegger,Rob Riggle,Family Adventure,midnight sun,Bella Thorne Patrick Schwarzenegger Rob Riggle Scott Speer Family Adventure
Steven Spielberg,Tye Sheridan,Olivia Cooke,Ben Mendelsohn,Adventure Action Science Fiction,ready player one,Tye Sheridan Olivia Cooke Ben Mendelsohn Steven Spielberg Adventure Action Science Fiction
Tyler Perry,Taraji P. Henson,Lyriq Bent,Crystle Stewart,Drama Thriller,acrimony,Taraji P. Henson Lyriq Bent Crystle Stewart Tyler Perry Drama Thriller
Michael Mason,David A. R. White,John Corbett,Shane Harper,Drama,god's not dead: a light in darkness,David A. R. White John Corbett Shane Harper Michael Mason Drama
Aaron Katz,Lola Kirke,Zoë Kravitz,Greta Lee,Mystery Crime Drama Thriller,gemini,Lola Kirke Zoë Kravitz Greta Lee Aaron Katz Mystery Crime Drama Thriller
Adam Rifkin,Burt Reynolds,Ariel Winter,Clark Duke,Drama,the last movie star,Burt Reynolds Ariel Winter Clark Duke Adam Rifkin Drama
John Krasinski,Emily Blunt,John Krasinski,Millicent Simmonds,Horror Drama Science Fiction,a quiet place,Emily Blunt John Krasinski Millicent Simmonds John Krasinski Horror Drama Science Fiction
Kay Cannon,Leslie Mann,Ike Barinholtz,John Cena,Comedy,blockers,Leslie Mann Ike Barinholtz John Cena Kay Cannon Comedy
Lynne Ramsay,Joaquin Phoenix,Judith Roberts,Ekaterina Samsonov,Crime Drama Thriller,you were never really here,Joaquin Phoenix Judith Roberts Ekaterina Samsonov Lynne Ramsay Crime Drama Thriller
John Curran,Jason Clarke,Kate Mara,Ed Helms,History Drama Thriller,chappaquiddick,Jason Clarke Kate Mara Ed Helms John Curran History Drama Thriller
Sean McNamara,Erin Moriarty,Helen Hunt,William Hurt,Drama,the miracle season,Erin Moriarty Helen Hunt William Hurt Sean McNamara Drama
Barry Levinson,Al Pacino,Riley Keough,Kathy Baker,Drama TV Movie,paterno,Al Pacino Riley Keough Kathy Baker Barry Levinson Drama TV Movie
Brad Anderson,Jon Hamm,Rosamund Pike,Dean Norris,Action Thriller Drama,beirut,Jon Hamm Rosamund Pike Dean Norris Brad Anderson Action Thriller Drama
Brad Peyton,Dwayne Johnson,Naomie Harris,Malin Åkerman,Action Adventure Science Fiction,rampage,Dwayne Johnson Naomie Harris Malin Åkerman Brad Peyton Action Adventure Science Fiction
Jeff Wadlow,Lucy Hale,Tyler Posey,Violett Beane,Thriller Horror,truth or dare,Lucy Hale Tyler Posey Violett Beane Jeff Wadlow Thriller Horror
Chloé Zhao,Brady Jandreau,Lilly Jandreau,Tim Jandreau,Drama Western,the rider,Brady Jandreau Lilly Jandreau Tim Jandreau Chloé Zhao Drama Western
Richard Lanni,Logan Lerman,Helena Bonham Carter,Gérard Depardieu,Animation Adventure Family History War,sgt. stubby: an american hero,Logan Lerman Helena Bonham Carter Gérard Depardieu Richard Lanni Animation Adventure Family History War
Emilio Insolera,Emilio Insolera,Carola Insolera,Ben Bahan,Science Fiction Adventure,sign gene,Emilio Insolera Carola Insolera Ben Bahan Emilio Insolera Science Fiction Adventure
"Abby Kohn, Marc Silverstein",Amy Schumer,Michelle Williams,Rory Scovel,Comedy Romance,i feel pretty,"Amy Schumer Michelle Williams Rory Scovel Abby Kohn, Marc Silverstein Comedy Romance"
Jay Chandrasekhar,Jay Chandrasekhar,Kevin Heffernan,Steve Lemme,Comedy Crime Mystery,super troopers 2,Jay Chandrasekhar Kevin Heffernan Steve Lemme Jay Chandrasekhar Comedy Crime Mystery
Deon Taylor,Paula Patton,Omar Epps,Laz Alonso,Horror Thriller,traffik,Paula Patton Omar Epps Laz Alonso Deon Taylor Horror Thriller
Peter Livolsi,Ellen Burstyn,Nick Offerman,Asa Butterfield,Animation Comedy Family,the house of tomorrow,Ellen Burstyn Nick Offerman Asa Butterfield Peter Livolsi Animation Comedy Family
Russo brothers,Robert Downey Jr.,Chris Hemsworth,Mark Ruffalo,Adventure Action Science Fiction,avengers: infinity war,Robert Downey Jr. Chris Hemsworth Mark Ruffalo Russo brothers Adventure Action Science Fiction
Sebastián Lelio,Rachel Weisz,Rachel McAdams,Alessandro Nivola,Drama Romance,disobedience,Rachel Weisz Rachel McAdams Alessandro Nivola Sebastián Lelio Drama Romance
Per Fly,Theo James,Ben Kingsley,Belçim Bilgin,Thriller Drama History,backstabbing for beginners,Theo James Ben Kingsley Belçim Bilgin Per Fly Thriller Drama History
Deniz Gamze Ergüven,Halle Berry,Daniel Craig,unknown,Romance Drama Crime,kings,Halle Berry Daniel Craig unknown Deniz Gamze Ergüven Romance Drama Crime
Rob Greenberg,Eugenio Derbez,Anna Faris,Eva Longoria,Romance Comedy,overboard,Eugenio Derbez Anna Faris Eva Longoria Rob Greenberg Romance Comedy
Jason Reitman,Charlize Theron,Mackenzie Davis,Ron Livingston,Comedy Drama,tully,Charlize Theron Mackenzie Davis Ron Livingston Jason Reitman Comedy Drama
Dean Devlin,David Tennant,Robert Sheehan,Carlito Olivero,Thriller Crime Horror,bad samaritan,David Tennant Robert Sheehan Carlito Olivero Dean Devlin Thriller Crime Horror
Bobby Miller,Johnny Galecki,Anna Friel,Oliver Platt,Drama Comedy Fantasy Horror,the cleanse,Johnny Galecki Anna Friel Oliver Platt Bobby Miller Drama Comedy Fantasy Horror
Ben Falcone,Melissa McCarthy,Gillian Jacobs,Maya Rudolph,Comedy,life of the party,Melissa McCarthy Gillian Jacobs Maya Rudolph Ben Falcone Comedy
James McTeigue,Gabrielle Union,Billy Burke,Richard Cabral,Action Comedy,breaking in,Gabrielle Union Billy Burke Richard Cabral James McTeigue Action Comedy
Michael Mayer,Annette Bening,Saoirse Ronan,Corey Stoll,Drama Romance Comedy,the seagull,Annette Bening Saoirse Ronan Corey Stoll Michael Mayer Drama Romance Comedy
Vaughn Stein,Margot Robbie,Simon Pegg,Dexter Fletcher,Crime Drama Thriller,terminal,Margot Robbie Simon Pegg Dexter Fletcher Vaughn Stein Crime Drama Thriller
David Leitch,Ryan Reynolds,Josh Brolin,Morena Baccarin,Action Comedy Adventure,deadpool 2,Ryan Reynolds Josh Brolin Morena Baccarin David Leitch Action Comedy Adventure
Bill Holderman,Diane Keaton,Jane Fonda,Candice Bergen,Horror Thriller,book club,Diane Keaton Jane Fonda Candice Bergen Bill Holderman Horror Thriller
Paul Schrader,Ethan Hawke,Amanda Seyfried,Cedric the Entertainer,Drama,first reformed,Ethan Hawke Amanda Seyfried Cedric the Entertainer Paul Schrader Drama
Raja Gosnell,Will Arnett,Ludacris,Natasha Lyonne,Adventure Crime Family Comedy,show dogs,Will Arnett Ludacris Natasha Lyonne Raja Gosnell Adventure Crime Family Comedy
Ramin Bahrani,Michael B. Jordan,Michael Shannon,Sofia Boutella,Drama Science Fiction Thriller,fahrenheit 451,Michael B. Jordan Michael Shannon Sofia Boutella Ramin Bahrani Drama Science Fiction Thriller
Ron Howard,Alden Ehrenreich,Woody Harrelson,Emilia Clarke,Science Fiction Adventure Action,solo: a star wars story,Alden Ehrenreich Woody Harrelson Emilia Clarke Ron Howard Science Fiction Adventure Action
John Cameron Mitchell,Elle Fanning,Alex Sharp,Nicole Kidman,Comedy Music Romance Science Fiction,how to talk to girls at parties,Elle Fanning Alex Sharp Nicole Kidman John Cameron Mitchell Comedy Music Romance Science Fiction
Anthony Byrne,Natalie Dormer,Ed Skrein,Emily Ratajkowski,Drama War,in darkness,Natalie Dormer Ed Skrein Emily Ratajkowski Anthony Byrne Drama War
James Franco,James Franco,Suki Waterhouse,Jeffrey Wahlberg,Science Fiction,future world,James Franco Suki Waterhouse Jeffrey Wahlberg James Franco Science Fiction
Jennifer Fox,Laura Dern,Ellen Burstyn,Jason Ritter,Drama Mystery,the tale,Laura Dern Ellen Burstyn Jason Ritter Jennifer Fox Drama Mystery
Tim Kirkby,Johnny Knoxville,Chris Pontius,unknown,Comedy,action point,Johnny Knoxville Chris Pontius unknown Tim Kirkby Comedy
Baltasar Kormákur,Shailene Woodley,Sam Claflin,unknown,Thriller Romance Adventure,adrift,Shailene Woodley Sam Claflin unknown Baltasar Kormákur Thriller Romance Adventure
Leigh Whannell,Logan Marshall-Green,Betty Gabriel,Harrison Gilbertson,Action Thriller Science Fiction,upgrade,Logan Marshall-Green Betty Gabriel Harrison Gilbertson Leigh Whannell Action Thriller Science Fiction
Bart Layton,Evan Peters,Barry Keoghan,Blake Jenner,Drama Crime Documentary,american animals,Evan Peters Barry Keoghan Blake Jenner Bart Layton Drama Crime Documentary
Theresa Bennett,Noël Wells,Josh Radnor,Aya Cash,Comedy Romance,social animals,Noël Wells Josh Radnor Aya Cash Theresa Bennett Comedy Romance
Gary Ross,Sandra Bullock,Cate Blanchett,Anne Hathaway,Crime Comedy Action,ocean's 8,Sandra Bullock Cate Blanchett Anne Hathaway Gary Ross Crime Comedy Action
Morgan Neville,Morgan Neville (director); Fred Rogers,François Clemmons,Yo-Yo Ma,Documentary,won't you be my neighbor?,Morgan Neville (director); Fred Rogers François Clemmons Yo-Yo Ma Morgan Neville Documentary
Ari Aster,Toni Collette,Alex Wolff,Milly Shapiro,Horror Mystery Thriller,hereditary,Toni Collette Alex Wolff Milly Shapiro Ari Aster Horror Mystery Thriller
Drew Pearce,Jodie Foster,Sterling K. Brown,Sofia Boutella,Thriller Science Fiction Action,hotel artemis,Jodie Foster Sterling K. Brown Sofia Boutella Drew Pearce Thriller Science Fiction Action
Director X,Trevor Jackson,Jason Mitchell,Michael K. Williams,Action Crime,superfly,Trevor Jackson Jason Mitchell Michael K. Williams Director X Action Crime
Brad Bird,Craig T. Nelson,Holly Hunter,Sarah Vowell,Action Adventure Animation Family,incredibles 2,Craig T. Nelson Holly Hunter Sarah Vowell Brad Bird Action Adventure Animation Family
Jeff Tomsic,Ed Helms,Jake Johnson,Annabelle Wallis,Comedy Action,tag,Ed Helms Jake Johnson Annabelle Wallis Jeff Tomsic Comedy Action
Kevin Connolly,John Travolta,Spencer Lofranco,Pruitt Taylor Vince,Crime Drama History Thriller,gotti,John Travolta Spencer Lofranco Pruitt Taylor Vince Kevin Connolly Crime Drama History Thriller
J. A. Bayona,Chris Pratt,Bryce Dallas Howard,Rafe Spall,Action Adventure Science Fiction Thriller,jurassic world: fallen kingdom,Chris Pratt Bryce Dallas Howard Rafe Spall J. A. Bayona Action Adventure Science Fiction Thriller
Shana Feste,Vera Farmiga,Christopher Plummer,Lewis MacDougall,Comedy Drama,boundaries,Vera Farmiga Christopher Plummer Lewis MacDougall Shana Feste Comedy Drama
"David Zellner, Nathan Zellner (directors/screenplay); Robert Pattinson, Mia Wasikowska",Robert Pattinson,Mia Wasikowska,unknown,Fantasy Action Adventure,damsel,"Robert Pattinson Mia Wasikowska unknown David Zellner, Nathan Zellner (directors/screenplay); Robert Pattinson, Mia Wasikowska Fantasy Action Adventure"
Mike P. Nelson,Tyler Hoechlin,Kate Bosworth,Lance Reddick,Thriller Horror,the domestics,Tyler Hoechlin Kate Bosworth Lance Reddick Mike P. Nelson Thriller Horror
Stefano Sollima,Benicio del Toro,Josh Brolin,Isabela Merced,Action Crime Thriller,sicario: day of the soldado,Benicio del Toro Josh Brolin Isabela Merced Stefano Sollima Action Crime Thriller
Debra Granik,Ben Foster,Thomasin McKenzie,Jeff Kober,Drama,leave no trace,Ben Foster Thomasin McKenzie Jeff Kober Debra Granik Drama
Matt Sivertson,Caroline Amiguet,Sara Wolfkind,Michael Christopher Shantz,Drama,love all you have left,Caroline Amiguet Sara Wolfkind Michael Christopher Shantz Matt Sivertson Drama
Charles Stone III,Kyrie Irving,Lil Rel Howery,Shaquille O'Neal,Comedy,uncle drew,Kyrie Irving Lil Rel Howery Shaquille O'Neal Charles Stone III Comedy
Susanna White,Jessica Chastain,Michael Greyeyes,Chaske Spencer,Drama History Western,woman walks ahead,Jessica Chastain Michael Greyeyes Chaske Spencer Susanna White Drama History Western
Richie Moore,Russell Geoffrey Banks,Sara Malakul Lane,Margaret Roche,Horror TV Movie,who's watching oliver,Russell Geoffrey Banks Sara Malakul Lane Margaret Roche Richie Moore Horror TV Movie
Gerard McMurray,Y'lan Noel,Lex Scott Davis,Joivan Wade,Horror Action Thriller,the first purge,Y'lan Noel Lex Scott Davis Joivan Wade Gerard McMurray Horror Action Thriller
Peyton Reed,Paul Rudd,Evangeline Lilly,Michael Peña,Action Adventure Science Fiction,ant-man and the wasp,Paul Rudd Evangeline Lilly Michael Peña Peyton Reed Action Adventure Science Fiction
Boots Riley,LaKeith Stanfield,Tessa Thompson,Jermaine Fowler,Fantasy Science Fiction Comedy,sorry to bother you,LaKeith Stanfield Tessa Thompson Jermaine Fowler Boots Riley Fantasy Science Fiction Comedy
Kevin Macdonald,Whitney Houston,unknown,unknown,Music Documentary,whitney,Whitney Houston unknown unknown Kevin Macdonald Music Documentary
"Genndy Tartakovsky (director/screenplay[119]); Michael McCullers (screenplay); Adam Sandler, Andy Samberg, Selena Gomez, Kevin James, David Spade, Steve Buscemi, Keegan-Michael Key, Molly Shannon, Fran Drescher, Kathryn Hahn, Jim Gaffigan, Mel Brooks",Adam Sandler,Andy Samberg,Selena Gomez,Animation Comedy Family Fantasy,hotel transylvania 3: summer vacation,"Adam Sandler Andy Samberg Selena Gomez Genndy Tartakovsky (director/screenplay[119]); Michael McCullers (screenplay); Adam Sandler, Andy Samberg, Selena Gomez, Kevin James, David Spade, Steve Buscemi, Keegan-Michael Key, Molly Shannon, Fran Drescher, Kathryn Hahn, Jim Gaffigan, Mel Brooks Animation Comedy Family Fantasy"
Rawson Marshall Thurber,Dwayne Johnson,Neve Campbell,Chin Han,Action Thriller Adventure,skyscraper,Dwayne Johnson Neve Campbell Chin Han Rawson Marshall Thurber Action Thriller Adventure
Bo Burnham,Elsie Fisher,Josh Hamilton,Emily Robinson,Comedy Drama,eighth grade,Elsie Fisher Josh Hamilton Emily Robinson Bo Burnham Comedy Drama
Gus Van Sant,Joaquin Phoenix,Jonah Hill,Rooney Mara,Comedy Drama,"don't worry, he won't get far on foot",Joaquin Phoenix Jonah Hill Rooney Mara Gus Van Sant Comedy Drama
Rob Reiner,Woody Harrelson,James Marsden,Rob Reiner,History Drama Thriller,shock and awe,Woody Harrelson James Marsden Rob Reiner Rob Reiner History Drama Thriller
Ol Parker,Christine Baranski,Pierce Brosnan,Dominic Cooper,Comedy Romance,mamma mia! here we go again,Christine Baranski Pierce Brosnan Dominic Cooper Ol Parker Comedy Romance
Antoine Fuqua,Denzel Washington,Pedro Pascal,Ashton Sanders,Action Thriller Crime,the equalizer 2,Denzel Washington Pedro Pascal Ashton Sanders Antoine Fuqua Action Thriller Crime
Carlos López Estrada,Daveed Diggs,Rafael Casal,Janina Gavankar,Comedy Crime Drama,blindspotting,Daveed Diggs Rafael Casal Janina Gavankar Carlos López Estrada Comedy Crime Drama
Stephen Susco,Colin Woodell,Rebecca Rittenhouse,Betty Gabriel,Horror Thriller Mystery,unfriended: dark web,Colin Woodell Rebecca Rittenhouse Betty Gabriel Stephen Susco Horror Thriller Mystery
Christopher McQuarrie,Tom Cruise,Henry Cavill,Ving Rhames,Action Adventure,mission: impossible – fallout,Tom Cruise Henry Cavill Ving Rhames Christopher McQuarrie Action Adventure
Peter Rida Michail,Greg Cipes,Scott Menville,Khary Payton,Animation Action Comedy Science Fiction,teen titans go! to the movies,Greg Cipes Scott Menville Khary Payton Peter Rida Michail Animation Action Comedy Science Fiction
Elijah Bynum,Timothée Chalamet,Maika Monroe,Alex Roe,Drama Crime,hot summer nights,Timothée Chalamet Maika Monroe Alex Roe Elijah Bynum Drama Crime
Marc Turtletaub,Kelly Macdonald,Irrfan Khan,David Denman,Drama,puzzle,Kelly Macdonald Irrfan Khan David Denman Marc Turtletaub Drama
Ben Young,Michael Peña,Lizzy Caplan,Mike Colter,Action Adventure Drama Horror Science Fiction Thriller,extinction,Michael Peña Lizzy Caplan Mike Colter Ben Young Action Adventure Drama Horror Science Fiction Thriller
Marc Forster,Ewan McGregor,Hayley Atwell,Jim Cummings,Adventure Comedy Family Fantasy,christopher robin,Ewan McGregor Hayley Atwell Jim Cummings Marc Forster Adventure Comedy Family Fantasy
Jennifer Yuh Nelson,Amandla Stenberg,Harris Dickinson,Mandy Moore,Action Adventure Drama,the darkest minds,Amandla Stenberg Harris Dickinson Mandy Moore Jennifer Yuh Nelson Action Adventure Drama
Susanna Fogel,Mila Kunis,Kate McKinnon,Justin Theroux,Comedy Action Adventure,the spy who dumped me,Mila Kunis Kate McKinnon Justin Theroux Susanna Fogel Comedy Action Adventure
Desiree Akhavan,Chloë Grace Moretz,John Gallagher Jr.,Sasha Lane,Drama,the miseducation of cameron post,Chloë Grace Moretz John Gallagher Jr. Sasha Lane Desiree Akhavan Drama
Augustine Frizzell,Maia Mitchell,Camila Morrone,unknown,Comedy,never goin' back,Maia Mitchell Camila Morrone unknown Augustine Frizzell Comedy
Ken Marino,Nina Dobrev,Vanessa Hudgens,Adam Pally,Romance Comedy,dog days,Nina Dobrev Vanessa Hudgens Adam Pally Ken Marino Romance Comedy
Jon Turteltaub,Jason Statham,Li Bingbing,Rainn Wilson,Action Science Fiction Horror,the meg,Jason Statham Li Bingbing Rainn Wilson Jon Turteltaub Action Science Fiction Horror
Spike Lee,John David Washington,Adam Driver,Laura Harrier,Crime Comedy Drama,blackkklansman,John David Washington Adam Driver Laura Harrier Spike Lee Crime Comedy Drama
Sylvain White,Julia Goldani Telles,Joey King,Jaz Sinclair,Horror Mystery Thriller,slender man,Julia Goldani Telles Joey King Jaz Sinclair Sylvain White Horror Mystery Thriller
Jean-Stéphane Sauvaire,Joe Cole,unknown,unknown,Drama Action Crime,a prayer before dawn,Joe Cole unknown unknown Jean-Stéphane Sauvaire Drama Action Crime
Sebastian Gutierrez,Abbey Lee,Matthew Beard,Carla Gugino,Science Fiction Thriller Horror Mystery,elizabeth harvest,Abbey Lee Matthew Beard Carla Gugino Sebastian Gutierrez Science Fiction Thriller Horror Mystery
Jon M. Chu,Constance Wu,Henry Golding,Gemma Chan,Comedy Romance,crazy rich asians,Constance Wu Henry Golding Gemma Chan Jon M. Chu Comedy Romance
Albert Hughes,Kodi Smit-McPhee,Jóhannes Haukur Jóhannesson,unknown,Adventure Drama,alpha,Kodi Smit-McPhee Jóhannes Haukur Jóhannesson unknown Albert Hughes Adventure Drama
Peter Berg,Mark Wahlberg,Iko Uwais,John Malkovich,Action Thriller,mile 22,Mark Wahlberg Iko Uwais John Malkovich Peter Berg Action Thriller
Björn Runge,Glenn Close,Jonathan Pryce,Christian Slater,Drama,the wife,Glenn Close Jonathan Pryce Christian Slater Björn Runge Drama
James Cox,Ansel Elgort,Taron Egerton,Emma Roberts,Drama,billionaire boys club,Ansel Elgort Taron Egerton Emma Roberts James Cox Drama
Jesse Peretz,Rose Byrne,Ethan Hawke,Chris O'Dowd,Comedy Drama Romance,"juliet, naked",Rose Byrne Ethan Hawke Chris O'Dowd Jesse Peretz Comedy Drama Romance
Rodrigo Cortés,AnnaSophia Robb,Isabelle Fuhrman,Victoria Moroles,Horror Mystery Thriller Fantasy Drama,down a dark hall,AnnaSophia Robb Isabelle Fuhrman Victoria Moroles Rodrigo Cortés Horror Mystery Thriller Fantasy Drama
Susan Johnson,Lana Condor,Noah Centineo,Janel Parrish,Comedy Romance,to all the boys i've loved before,Lana Condor Noah Centineo Janel Parrish Susan Johnson Comedy Romance
Brian Henson,Melissa McCarthy,Bill Barretta,Joel McHale,Action Comedy Crime,the happytime murders,Melissa McCarthy Bill Barretta Joel McHale Brian Henson Action Comedy Crime
Aneesh Chaganty,John Cho,Debra Messing,unknown,Drama Mystery Thriller,searching,John Cho Debra Messing unknown Aneesh Chaganty Drama Mystery Thriller
Michael Noer,Charlie Hunnam,Rami Malek,Roland Møller,Drama,papillon,Charlie Hunnam Rami Malek Roland Møller Michael Noer Drama
Oliver Daly,Alex Neustaedter,Becky G,Alex MacNicoll,Science Fiction Action Adventure Family,a.x.l.,Alex Neustaedter Becky G Alex MacNicoll Oliver Daly Science Fiction Action Adventure Family
Chris Weitz,Oscar Isaac,Ben Kingsley,Mélanie Laurent,Drama History Thriller,operation finale,Oscar Isaac Ben Kingsley Mélanie Laurent Chris Weitz Drama History Thriller
"Jonathan Baker, Josh Baker",Myles Truitt,Jack Reynor,Zoë Kravitz,Thriller Drama,kin,"Myles Truitt Jack Reynor Zoë Kravitz Jonathan Baker, Josh Baker Thriller Drama"
Victor Levin,Winona Ryder,Keanu Reeves,unknown,Romance Comedy Drama,destination wedding,Winona Ryder Keanu Reeves unknown Victor Levin Romance Comedy Drama
Brian A. Miller,Bruce Willis,Frank Grillo,Johnathon Schaech,Action Adventure Thriller,reprisal,Bruce Willis Frank Grillo Johnathon Schaech Brian A. Miller Action Adventure Thriller
Corin Hardy,Demián Bichir,Taissa Farmiga,Jonas Bloquet,Horror,the nun,Demián Bichir Taissa Farmiga Jonas Bloquet Corin Hardy Horror
Pierre Morel,Jennifer Garner,John Ortiz,John Gallagher Jr.,Action Thriller,peppermint,Jennifer Garner John Ortiz John Gallagher Jr. Pierre Morel Action Thriller
Shane Black,Boyd Holbrook,Trevante Rhodes,Jacob Tremblay,Science Fiction Action Adventure,the predator,Boyd Holbrook Trevante Rhodes Jacob Tremblay Shane Black Science Fiction Action Adventure
Yann Demange,Matthew McConaughey,Richie Merritt,Bel Powley,Crime Drama,white boy rick,Matthew McConaughey Richie Merritt Bel Powley Yann Demange Crime Drama
Paul Feig,Anna Kendrick,Blake Lively,Henry Golding,Crime Thriller Comedy,a simple favor,Anna Kendrick Blake Lively Henry Golding Paul Feig Crime Thriller Comedy
Richard Eyre,Emma Thompson,Stanley Tucci,Fionn Whitehead,Drama,the children act,Emma Thompson Stanley Tucci Fionn Whitehead Richard Eyre Drama
Craig William Macneill,Chloë Sevigny,Kristen Stewart,Jay Huguley,Crime Drama Thriller,lizzie,Chloë Sevigny Kristen Stewart Jay Huguley Craig William Macneill Crime Drama Thriller
Harold Cronk,Samuel Hunt,Merritt Patterson,Vanessa Bell Calloway,Drama,unbroken: path to redemption,Samuel Hunt Merritt Patterson Vanessa Bell Calloway Harold Cronk Drama
Stephen Cognetti,Vasile Flutur,Jillian Geurts,Joy Shatz,Horror Mystery,hell house llc ii: the abaddon hotel,Vasile Flutur Jillian Geurts Joy Shatz Stephen Cognetti Horror Mystery
Eli Roth,Jack Black,Cate Blanchett,Owen Vaccaro,Fantasy Family Comedy,the house with a clock in its walls,Jack Black Cate Blanchett Owen Vaccaro Eli Roth Fantasy Family Comedy
Dan Fogelman,Oscar Isaac,Olivia Wilde,Mandy Patinkin,Drama Romance,life itself,Oscar Isaac Olivia Wilde Mandy Patinkin Dan Fogelman Drama Romance
Jacques Audiard,John C. Reilly,Joaquin Phoenix,Jake Gyllenhaal,Western Drama Comedy,the sisters brothers,John C. Reilly Joaquin Phoenix Jake Gyllenhaal Jacques Audiard Western Drama Comedy
Sam Levinson,Odessa Young,Suki Waterhouse,Hari Nef,Thriller Horror Comedy,assassination nation,Odessa Young Suki Waterhouse Hari Nef Sam Levinson Thriller Horror Comedy
Donald Petrie,Emma Roberts,Hayden Christensen,Alyssa Milano,Comedy Romance,little italy,Emma Roberts Hayden Christensen Alyssa Milano Donald Petrie Comedy Romance
Wash Westmoreland,Keira Knightley,Dominic West,Eleanor Tomlinson,Drama History Romance,colette,Keira Knightley Dominic West Eleanor Tomlinson Wash Westmoreland Drama History Romance
Michael Moore (director/screenplay/narrator),Michael Moore (director/screenplay/narrator),unknown,unknown,Documentary,fahrenheit 11/9,Michael Moore (director/screenplay/narrator) unknown unknown Michael Moore (director/screenplay/narrator) Documentary
Lisa D'Apolito,Lisa D'Apolito (director); Gilda Radner,Amy Poehler,Melissa McCarthy,Documentary,"love, gilda",Lisa D'Apolito (director); Gilda Radner Amy Poehler Melissa McCarthy Lisa D'Apolito Documentary
Karey Kirkpatrick,Channing Tatum,James Corden,Zendaya,Family Animation Adventure Fantasy Comedy,smallfoot,Channing Tatum James Corden Zendaya Karey Kirkpatrick Family Animation Adventure Fantasy Comedy
"Malcolm D. Lee (director[177]); Kevin Hart, Harry Ratchford, Joey Wells, Matt Kellard, Nicholas Stoller,[178] John Hamburg (screenplay); Kevin Hart, Tiffany Haddish, Rob Riggle, Romany Malco",Kevin Hart,Tiffany Haddish,Rob Riggle,Comedy,night school,"Kevin Hart Tiffany Haddish Rob Riggle Malcolm D. Lee (director[177]); Kevin Hart, Harry Ratchford, Joey Wells, Matt Kellard, Nicholas Stoller,[178] John Hamburg (screenplay); Kevin Hart, Tiffany Haddish, Rob Riggle, Romany Malco Comedy"
David Lowery,Robert Redford,Casey Affleck,Danny Glover,Comedy Crime Drama,the old man & the gun,Robert Redford Casey Affleck Danny Glover David Lowery Comedy Crime Drama
Gregory Plotkin,Amy Forsyth,Reign Edwards,Bex Taylor-Klaus,Horror Thriller,hell fest,Amy Forsyth Reign Edwards Bex Taylor-Klaus Gregory Plotkin Horror Thriller
Ruben Fleischer,Tom Hardy,Michelle Williams,Riz Ahmed,Science Fiction Action,venom,Tom Hardy Michelle Williams Riz Ahmed Ruben Fleischer Science Fiction Action
Bradley Cooper,Bradley Cooper,Lady Gaga,Andrew Dice Clay,Drama Romance,a star is born,Bradley Cooper Lady Gaga Andrew Dice Clay Bradley Cooper Drama Romance
Peter Bogdanovich,Peter Bogdanovich (director/screenplay),unknown,unknown,Documentary Comedy,the great buster: a celebration,Peter Bogdanovich (director/screenplay) unknown unknown Peter Bogdanovich Documentary Comedy
Damien Chazelle,Ryan Gosling,Claire Foy,Jason Clarke,History Drama,first man,Ryan Gosling Claire Foy Jason Clarke Damien Chazelle History Drama
Drew Goddard,Jeff Bridges,Cynthia Erivo,Dakota Johnson,Thriller Mystery Crime,bad times at the el royale,Jeff Bridges Cynthia Erivo Dakota Johnson Drew Goddard Thriller Mystery Crime
Ari Sandel,Wendi McLendon-Covey,Madison Iseman,Jeremy Ray Taylor,Comedy Fantasy Horror,goosebumps 2: haunted halloween,Wendi McLendon-Covey Madison Iseman Jeremy Ray Taylor Ari Sandel Comedy Fantasy Horror
Felix van Groeningen,Steve Carell,Timothée Chalamet,Maura Tierney,Drama,beautiful boy,Steve Carell Timothée Chalamet Maura Tierney Felix van Groeningen Drama
Ike Barinholtz,Ike Barinholtz,Tiffany Haddish,Nora Dunn,Comedy Thriller,the oath,Ike Barinholtz Tiffany Haddish Nora Dunn Ike Barinholtz Comedy Thriller
Nick Searcy,Earl Billings,Dean Cain,Sarah Jane Morris,Drama Crime,gosnell: the trial of america's biggest serial killer,Earl Billings Dean Cain Sarah Jane Morris Nick Searcy Drama Crime
"Hannah Marks, Joey Power (directors/screenplay), Jeremy Allen White, Maika Monroe, DeRon Horton, Sasha Lane, Dean Winters, Joe Keery, Gina Gershon, Marisa Tomei",Hannah Marks,Joey Power (directors/screenplay),Jeremy Allen White,Romance Drama,after everything,"Hannah Marks Joey Power (directors/screenplay) Jeremy Allen White Hannah Marks, Joey Power (directors/screenplay), Jeremy Allen White, Maika Monroe, DeRon Horton, Sasha Lane, Dean Winters, Joe Keery, Gina Gershon, Marisa Tomei Romance Drama"
David Gordon Green,Jamie Lee Curtis,Judy Greer,Andi Matichak,Horror,halloween,Jamie Lee Curtis Judy Greer Andi Matichak David Gordon Green Horror
George Tillman Jr.,Amandla Stenberg,Regina Hall,Russell Hornsby,Crime Drama,the hate u give,Amandla Stenberg Regina Hall Russell Hornsby George Tillman Jr. Crime Drama
Marielle Heller,Melissa McCarthy,Richard E. Grant,unknown,Drama Crime Comedy,can you ever forgive me?,Melissa McCarthy Richard E. Grant unknown Marielle Heller Drama Crime Comedy
Jonah Hill,Sunny Suljic,Lucas Hedges,Na-Kel Smith,Drama Comedy,mid90s,Sunny Suljic Lucas Hedges Na-Kel Smith Jonah Hill Drama Comedy
Paul Dano,Carey Mulligan,Jake Gyllenhaal,Ed Oxenbould,Drama,wildlife,Carey Mulligan Jake Gyllenhaal Ed Oxenbould Paul Dano Drama
Elizabeth Chomko,Hilary Swank,Michael Shannon,Robert Forster,Drama,what they had,Hilary Swank Michael Shannon Robert Forster Elizabeth Chomko Drama
Sacha Gervasi,Peter Dinklage,Jamie Dornan,Andy García,Drama TV Movie,my dinner with hervé,Peter Dinklage Jamie Dornan Andy García Sacha Gervasi Drama TV Movie
Donovan Marsh,Gerard Butler,Gary Oldman,Common,Action Adventure Thriller,hunter killer,Gerard Butler Gary Oldman Common Donovan Marsh Action Adventure Thriller
David Kerr,Rowan Atkinson,Ben Miller,Olga Kurylenko,Action Adventure Comedy,johnny english strikes again,Rowan Atkinson Ben Miller Olga Kurylenko David Kerr Action Adventure Comedy
Luca Guadagnino,Dakota Johnson,Tilda Swinton,Mia Goth,Horror,suspiria,Dakota Johnson Tilda Swinton Mia Goth Luca Guadagnino Horror
David G. Evans,Sarah Drew,Justin Bruening,Eddie Kaulukukui,Drama War,indivisible,Sarah Drew Justin Bruening Eddie Kaulukukui David G. Evans Drama War
David McCracken,Mike C. Nelson,Jenni Melear,David McCracken,Action Drama Thriller,bullitt county,Mike C. Nelson Jenni Melear David McCracken David McCracken Action Drama Thriller
Bryan Singer[a],Rami Malek,Lucy Boynton,Gwilym Lee,Music Drama,bohemian rhapsody,Rami Malek Lucy Boynton Gwilym Lee Bryan Singer[a] Music Drama
"Lasse Hallström, Joe Johnston",Keira Knightley,Mackenzie Foy,Eugenio Derbez,Fantasy Adventure Family,the nutcracker and the four realms,"Keira Knightley Mackenzie Foy Eugenio Derbez Lasse Hallström, Joe Johnston Fantasy Adventure Family"
Tyler Perry,Tiffany Haddish,Tika Sumpter,Omari Hardwick,Drama Comedy,nobody's fool,Tiffany Haddish Tika Sumpter Omari Hardwick Tyler Perry Drama Comedy
Joel Edgerton,Lucas Hedges,Nicole Kidman,Joel Edgerton,Drama,boy erased,Lucas Hedges Nicole Kidman Joel Edgerton Joel Edgerton Drama
Orson Welles,John Huston,Oja Kodar,Peter Bogdanovich,Drama,the other side of the wind,John Huston Oja Kodar Peter Bogdanovich Orson Welles Drama
Matthew Heineman,Rosamund Pike,Jamie Dornan,Tom Hollander,Drama War,a private war,Rosamund Pike Jamie Dornan Tom Hollander Matthew Heineman Drama War
"Zeek Earl, Chris Caldwell",Pedro Pascal,Sophie Thatcher,Jay Duplass,Science Fiction,prospect,"Pedro Pascal Sophie Thatcher Jay Duplass Zeek Earl, Chris Caldwell Science Fiction"
Joseph Kahn,Calum Worthy,Jackie Long,Rory Uphold,Drama Comedy Music,bodied,Calum Worthy Jackie Long Rory Uphold Joseph Kahn Drama Comedy Music
Jason Reitman,Hugh Jackman,Vera Farmiga,J. K. Simmons,Drama History,the front runner,Hugh Jackman Vera Farmiga J. K. Simmons Jason Reitman Drama History
"Scott Mosier, Yarrow Cheney",Benedict Cumberbatch,Rashida Jones,Kenan Thompson,Animation Family Comedy Fantasy,the grinch,"Benedict Cumberbatch Rashida Jones Kenan Thompson Scott Mosier, Yarrow Cheney Animation Family Comedy Fantasy"
Fede Álvarez,Claire Foy,Sverrir Gudnason,LaKeith Stanfield,Action Crime Thriller,the girl in the spider's web,Claire Foy Sverrir Gudnason LaKeith Stanfield Fede Álvarez Action Crime Thriller
Julius Avery,Jovan Adepo,Wyatt Russell,Mathilde Ollivier,Horror War Science Fiction,overlord,Jovan Adepo Wyatt Russell Mathilde Ollivier Julius Avery Horror War Science Fiction
"Coen brothers (directors/screenplay); Tyne Daly, James Franco, Brendan Gleeson, Bill Heck, Grainger Hines, Zoe Kazan, Harry Melling, Liam Neeson, Tim Blake Nelson, Jonjo O'Neill, Chelcie Ross, Saul Rubinek, Tom Waits",Tyne Daly,James Franco,Brendan Gleeson,Western Comedy Drama,the ballad of buster scruggs,"Tyne Daly James Franco Brendan Gleeson Coen brothers (directors/screenplay); Tyne Daly, James Franco, Brendan Gleeson, Bill Heck, Grainger Hines, Zoe Kazan, Harry Melling, Liam Neeson, Tim Blake Nelson, Jonjo O'Neill, Chelcie Ross, Saul Rubinek, Tom Waits Western Comedy Drama"
"Daniel Fabelo, Matt Hullum (directors/screenplay); Burnie Burns (screenplay); Burnie Burns, Gavin Free, Michael Jones, Colton Dunn, Nichole Sakura, Allie DeBerry",Burnie Burns,Gavin Free,Michael Jones,Science Fiction Action Adventure Comedy,lazer team 2,"Burnie Burns Gavin Free Michael Jones Daniel Fabelo, Matt Hullum (directors/screenplay); Burnie Burns (screenplay); Burnie Burns, Gavin Free, Michael Jones, Colton Dunn, Nichole Sakura, Allie DeBerry Science Fiction Action Adventure Comedy"
David Yates,Eddie Redmayne,Katherine Waterston,Dan Fogler,Fantasy Adventure,fantastic beasts: the crimes of grindelwald,Eddie Redmayne Katherine Waterston Dan Fogler David Yates Fantasy Adventure
Steve McQueen,Viola Davis,Michelle Rodriguez,Elizabeth Debicki,Crime Thriller,widows,Viola Davis Michelle Rodriguez Elizabeth Debicki Steve McQueen Crime Thriller
Peter Farrelly,Viggo Mortensen,Mahershala Ali,Linda Cardellini,Drama History,green book,Viggo Mortensen Mahershala Ali Linda Cardellini Peter Farrelly Drama History
Sean Anders,Mark Wahlberg,Rose Byrne,Isabela Merced,Comedy Drama,instant family,Mark Wahlberg Rose Byrne Isabela Merced Sean Anders Comedy Drama
Rich Moore,Rich Moore (director); Phil Johnston (director/screenplay[220]); Pamela Ribon (screenplay[220]); John C. Reilly,Sarah Silverman,Gal Gadot,Family Animation Comedy Adventure,ralph breaks the internet,Rich Moore (director); Phil Johnston (director/screenplay[220]); Pamela Ribon (screenplay[220]); John C. Reilly Sarah Silverman Gal Gadot Rich Moore Family Animation Comedy Adventure
Steven Caple Jr.,Michael B. Jordan,Sylvester Stallone,Tessa Thompson,Drama Action,creed ii,Michael B. Jordan Sylvester Stallone Tessa Thompson Steven Caple Jr. Drama Action
Otto Bathurst,Taron Egerton,Jamie Foxx,Ben Mendelsohn,Action Adventure History,robin hood,Taron Egerton Jamie Foxx Ben Mendelsohn Otto Bathurst Action Adventure History
Alfonso Cuarón,Yalitza Aparicio,Marina de Tavira,Jorge Antonio Guerrero,Drama,roma,Yalitza Aparicio Marina de Tavira Jorge Antonio Guerrero Alfonso Cuarón Drama
Yorgos Lanthimos,Olivia Colman,Emma Stone,Rachel Weisz,Drama Comedy Thriller History,the favourite,Olivia Colman Emma Stone Rachel Weisz Yorgos Lanthimos Drama Comedy Thriller History
Andy Serkis,Christian Bale,Cate Blanchett,Benedict Cumberbatch,Adventure Drama,mowgli: legend of the jungle,Christian Bale Cate Blanchett Benedict Cumberbatch Andy Serkis Adventure Drama
Diederik van Rooijen,Shay Mitchell,Grey Damon,Kirby Johnson,Horror Drama,the possession of hannah grace,Shay Mitchell Grey Damon Kirby Johnson Diederik van Rooijen Horror Drama
Johan Bodell,Christopher Lee Page,Caitlin Crommett,Erik Kammerland,Comedy TV Movie,the cabin,Christopher Lee Page Caitlin Crommett Erik Kammerland Johan Bodell Comedy TV Movie
Josie Rourke,Saoirse Ronan,Margot Robbie,Jack Lowden,Drama History,mary queen of scots,Saoirse Ronan Margot Robbie Jack Lowden Josie Rourke Drama History
Peter Hedges,Julia Roberts,Lucas Hedges,Courtney B. Vance,Drama,ben is back,Julia Roberts Lucas Hedges Courtney B. Vance Peter Hedges Drama
"Bob Persichetti, Peter Ramsey, Rodney Rothman",Shameik Moore,Jake Johnson,Hailee Steinfeld,Animation Action Adventure Science Fiction,spider-man: into the spider-verse,"Shameik Moore Jake Johnson Hailee Steinfeld Bob Persichetti, Peter Ramsey, Rodney Rothman Animation Action Adventure Science Fiction"
Christian Rivers,Hera Hilmar,Robert Sheehan,Hugo Weaving,Adventure Science Fiction,mortal engines,Hera Hilmar Robert Sheehan Hugo Weaving Christian Rivers Adventure Science Fiction
Clint Eastwood,Clint Eastwood,Bradley Cooper,Laurence Fishburne,Crime Drama,the mule,Clint Eastwood Bradley Cooper Laurence Fishburne Clint Eastwood Crime Drama
Barry Jenkins,KiKi Layne,Stephan James,Colman Domingo,Romance Drama,if beale street could talk,KiKi Layne Stephan James Colman Domingo Barry Jenkins Romance Drama
Rob Marshall,Emily Blunt,Lin-Manuel Miranda,Ben Whishaw,Fantasy Family Comedy,mary poppins returns,Emily Blunt Lin-Manuel Miranda Ben Whishaw Rob Marshall Fantasy Family Comedy
James Wan,Jason Momoa,Amber Heard,Willem Dafoe,Action Adventure Fantasy,aquaman,Jason Momoa Amber Heard Willem Dafoe James Wan Action Adventure Fantasy
Travis Knight,Hailee Steinfeld,John Cena,Jorge Lendeborg Jr.,Action Adventure Science Fiction,bumblebee,Hailee Steinfeld John Cena Jorge Lendeborg Jr. Travis Knight Action Adventure Science Fiction
Robert Zemeckis,Steve Carell,Leslie Mann,Diane Kruger,Drama Comedy,welcome to marwen,Steve Carell Leslie Mann Diane Kruger Robert Zemeckis Drama Comedy
Peter Segal,Jennifer Lopez,Leah Remini,Vanessa Hudgens,Romance Comedy,second act,Jennifer Lopez Leah Remini Vanessa Hudgens Peter Segal Romance Comedy
Etan Cohen,Will Ferrell,John C. Reilly,Rebecca Hall,Comedy Mystery Crime,holmes & watson,Will Ferrell John C. Reilly Rebecca Hall Etan Cohen Comedy Mystery Crime
Adam McKay,Christian Bale,Amy Adams,Steve Carell,Thriller Science Fiction Action Adventure,vice,Christian Bale Amy Adams Steve Carell Adam McKay Thriller Science Fiction Action Adventure
Mimi Leder,Felicity Jones,Armie Hammer,Justin Theroux,Drama History,on the basis of sex,Felicity Jones Armie Hammer Justin Theroux Mimi Leder Drama History
Karyn Kusama,Nicole Kidman,Sebastian Stan,Toby Kebbell,Thriller Crime Drama Action,destroyer,Nicole Kidman Sebastian Stan Toby Kebbell Karyn Kusama Thriller Crime Drama Action
Adam Robitel,Taylor Russell,Logan Miller,Deborah Ann Woll,Horror Thriller Mystery,escape room,Taylor Russell Logan Miller Deborah Ann Woll Adam Robitel Horror Thriller Mystery
Jen McGowan,Hermione Corfield,Jay Paulson,Sean O'Bryan,Thriller Drama Action Crime,rust creek,Hermione Corfield Jay Paulson Sean O'Bryan Jen McGowan Thriller Drama Action Crime
Wilson Coneybeare,Donald Sutherland,Vincent Kartheiser,Oliver Dennis,Thriller,american hangman,Donald Sutherland Vincent Kartheiser Oliver Dennis Wilson Coneybeare Thriller
Charles Martin Smith,Bryce Dallas Howard,Edward James Olmos,Alexandra Shipp,Drama Adventure Family,a dog's way home,Bryce Dallas Howard Edward James Olmos Alexandra Shipp Charles Martin Smith Drama Adventure Family
Neil Burger,Bryan Cranston,Kevin Hart,Nicole Kidman,Comedy Drama,the upside,Bryan Cranston Kevin Hart Nicole Kidman Neil Burger Comedy Drama
Jeffrey Nachmanoff,Keanu Reeves,unknown,unknown,Science Fiction Thriller Drama,replicas,Keanu Reeves unknown unknown Jeffrey Nachmanoff Science Fiction Thriller Drama
Batán Silva,Natalia Dyer,Kyra Sedgwick,Tim Daly,Drama Family Thriller Science Fiction,after darkness,Natalia Dyer Kyra Sedgwick Tim Daly Batán Silva Drama Family Thriller Science Fiction
M. Night Shyamalan,James McAvoy,Bruce Willis,Samuel L. Jackson,Thriller Drama Science Fiction,glass,James McAvoy Bruce Willis Samuel L. Jackson M. Night Shyamalan Thriller Drama Science Fiction
Vicky Jewson,Noomi Rapace,Sophie Nélisse,Indira Varma,Drama,close,Noomi Rapace Sophie Nélisse Indira Varma Vicky Jewson Drama
Henry Dunham,James Badge Dale,Brian Geraghty,unknown,Crime Drama Thriller,the standoff at sparrow creek,James Badge Dale Brian Geraghty unknown Henry Dunham Crime Drama Thriller
Timothy Woodward Jr.,Lin Shaye,Michael Welch,Melissa Bolona,Horror,the final wish,Lin Shaye Michael Welch Melissa Bolona Timothy Woodward Jr. Horror
Joe Cornish,Louis Ashbourne Serkis,Dean Chaumoo,Tom Taylor,Action Adventure Fantasy Family,the kid who would be king,Louis Ashbourne Serkis Dean Chaumoo Tom Taylor Joe Cornish Action Adventure Fantasy Family
Steven Knight,Matthew McConaughey,Anne Hathaway,Jason Clarke,Science Fiction Action Adventure Thriller,serenity,Matthew McConaughey Anne Hathaway Jason Clarke Steven Knight Science Fiction Action Adventure Thriller
Grant Sputore,Grant Sputore (director),Michael Lloyd Green (screenplay/story),Clara Rugaard,Science Fiction Thriller,i am mother,Grant Sputore (director) Michael Lloyd Green (screenplay/story) Clara Rugaard Grant Sputore Science Fiction Thriller
Andrew Patterson,Andrew Patterson (director),James Montague,Craig W. Sanger (writers); Sierra McCormick,Drama Mystery Science Fiction Thriller,the vast of night,Andrew Patterson (director) James Montague Craig W. Sanger (writers); Sierra McCormick Andrew Patterson Drama Mystery Science Fiction Thriller
Catherine Hardwicke,Gina Rodriguez,Ismael Cruz Córdova,Anthony Mackie,Action,miss bala,Gina Rodriguez Ismael Cruz Córdova Anthony Mackie Catherine Hardwicke Action
Dan Gilroy,Jake Gyllenhaal,Rene Russo,Toni Collette,Thriller Mystery Horror,velvet buzzsaw,Jake Gyllenhaal Rene Russo Toni Collette Dan Gilroy Thriller Mystery Horror
Madeleine Sackler,Jeffrey Wright,William Fichtner,Boyd Holbrook,Drama,o.g,Jeffrey Wright William Fichtner Boyd Holbrook Madeleine Sackler Drama
Mike Mitchell,Chris Pratt,Elizabeth Banks,Tiffany Haddish,Action Adventure Animation Comedy Family,the lego movie 2: the second part,Chris Pratt Elizabeth Banks Tiffany Haddish Mike Mitchell Action Adventure Animation Comedy Family
Adam Shankman,Taraji P. Henson,Tracy Morgan,Max Greenfield,Comedy Romance,what men want,Taraji P. Henson Tracy Morgan Max Greenfield Adam Shankman Comedy Romance
Hans Petter Moland,Liam Neeson,Tom Bateman,Tom Jackson,Action Crime Thriller Comedy,cold pursuit,Liam Neeson Tom Bateman Tom Jackson Hans Petter Moland Action Crime Thriller Comedy
Steven Soderbergh,André Holland,Zazie Beetz,Melvin Gregg,Drama,high flying bird,André Holland Zazie Beetz Melvin Gregg Steven Soderbergh Drama
Nicholas McCarthy,Taylor Schilling,Peter Mooney,Colm Feore,Horror Thriller,the prodigy,Taylor Schilling Peter Mooney Colm Feore Nicholas McCarthy Horror Thriller
Todd Strauss-Schulson,Rebel Wilson,Liam Hemsworth,Adam DeVine,Comedy Fantasy Romance,isn't it romantic,Rebel Wilson Liam Hemsworth Adam DeVine Todd Strauss-Schulson Comedy Fantasy Romance
Christopher Landon,Jessica Rothe,Israel Broussard,Phi Vu,Comedy Horror Science Fiction,happy death day 2u,Jessica Rothe Israel Broussard Phi Vu Christopher Landon Comedy Horror Science Fiction
Robert Rodriguez,Rosa Salazar,Christoph Waltz,Jennifer Connelly,Action Science Fiction Adventure,alita: battle angel,Rosa Salazar Christoph Waltz Jennifer Connelly Robert Rodriguez Action Science Fiction Adventure
Dean DeBlois,Jay Baruchel,America Ferrera,Cate Blanchett,Animation Family Adventure,how to train your dragon: the hidden world,Jay Baruchel America Ferrera Cate Blanchett Dean DeBlois Animation Family Adventure
Stephen Merchant,Florence Pugh,Lena Headey,Nick Frost,Comedy,fighting with my family,Florence Pugh Lena Headey Nick Frost Stephen Merchant Comedy
Tyler Perry,Tyler Perry,Courtney Burrell,Patrice Lovely,Comedy,tyler perry's a madea family funeral,Tyler Perry Courtney Burrell Patrice Lovely Tyler Perry Comedy
Neil Jordan,Isabelle Huppert,Chloë Grace Moretz,Maika Monroe,Mystery Thriller Horror,greta,Isabelle Huppert Chloë Grace Moretz Maika Monroe Neil Jordan Mystery Thriller Horror
J. C. Chandor,Ben Affleck,Oscar Isaac,Charlie Hunnam,Action Thriller Crime Adventure,triple frontier,Ben Affleck Oscar Isaac Charlie Hunnam J. C. Chandor Action Thriller Crime Adventure
"Anna Boden, Ryan Fleck (directors/screenplay); Geneva Robertson-Dworet (screenplay); Brie Larson, Samuel L. Jackson, Ben Mendelsohn, Djimon Hounsou, Lee Pace, Lashana Lynch, Gemma Chan, Annette Bening, Clark Gregg, Jude Law",Brie Larson,Samuel L. Jackson,Ben Mendelsohn,Action Adventure Science Fiction,captain marvel,"Brie Larson Samuel L. Jackson Ben Mendelsohn Anna Boden, Ryan Fleck (directors/screenplay); Geneva Robertson-Dworet (screenplay); Brie Larson, Samuel L. Jackson, Ben Mendelsohn, Djimon Hounsou, Lee Pace, Lashana Lynch, Gemma Chan, Annette Bening, Clark Gregg, Jude Law Action Adventure Science Fiction"
Sebastián Lelio,Julianne Moore,John Turturro,Michael Cera,Drama Romance,gloria bell,Julianne Moore John Turturro Michael Cera Sebastián Lelio Drama Romance
Vincent D'Onofrio,Ethan Hawke,Dane DeHaan,Jake Schur,Comedy Drama,the kid,Ethan Hawke Dane DeHaan Jake Schur Vincent D'Onofrio Comedy Drama
"Josh Appelbaum, Andre Nemec (screenplay); Brianna Denski, Ken Hudson Campbell, Matthew Broderick, Jennifer Garner, Kenan Thompson, Ken Jeong, Mila Kunis, John Oliver",Brianna Denski,Ken Hudson Campbell,Matthew Broderick,Comedy Animation Adventure Family Fantasy,wonder park,"Brianna Denski Ken Hudson Campbell Matthew Broderick Josh Appelbaum, Andre Nemec (screenplay); Brianna Denski, Ken Hudson Campbell, Matthew Broderick, Jennifer Garner, Kenan Thompson, Ken Jeong, Mila Kunis, John Oliver Comedy Animation Adventure Family Fantasy"
Katt Shea,Sophia Lillis,Zoe Renee,Mackenzie Graham,Crime Family Mystery,nancy drew and the hidden staircase,Sophia Lillis Zoe Renee Mackenzie Graham Katt Shea Crime Family Mystery
Rupert Wyatt,John Goodman,Ashton Sanders,Jonathan Majors,Science Fiction Action Adventure Thriller,captive state,John Goodman Ashton Sanders Jonathan Majors Rupert Wyatt Science Fiction Action Adventure Thriller
James Kent,Alexander Skarsgård,Keira Knightley,Jason Clarke,War Drama Romance,the aftermath,Alexander Skarsgård Keira Knightley Jason Clarke James Kent War Drama Romance
Justin Baldoni,Cole Sprouse,Haley Lu Richardson,unknown,Romance Drama,five feet apart,Cole Sprouse Haley Lu Richardson unknown Justin Baldoni Romance Drama
John Lee Hancock,Kevin Costner,Woody Harrelson,Kathy Bates,Crime Drama Thriller,the highwaymen,Kevin Costner Woody Harrelson Kathy Bates John Lee Hancock Crime Drama Thriller
Robert Rodriguez,Roby Attal,Lauren Hatfield,Alejandro Rose Garcia,Thriller Science Fiction,red 11,Roby Attal Lauren Hatfield Alejandro Rose Garcia Robert Rodriguez Thriller Science Fiction
Ivan Kavanagh,Emile Hirsch,Tim Ahern,Déborah François,Western,never grow old,Emile Hirsch Tim Ahern Déborah François Ivan Kavanagh Western
Jesse V. Johnson,Tony Jaa,Iko Uwais,Tiger Chen,Thriller Action,triple threat,Tony Jaa Iko Uwais Tiger Chen Jesse V. Johnson Thriller Action
Jordan Peele,Lupita Nyong'o,Winston Duke,Shahadi Wright Joseph,Horror Thriller,us,Lupita Nyong'o Winston Duke Shahadi Wright Joseph Jordan Peele Horror Thriller
Anthony Maras,Dev Patel,Armie Hammer,Nazanin Boniadi,Thriller History Drama Action,hotel mumbai,Dev Patel Armie Hammer Nazanin Boniadi Anthony Maras Thriller History Drama Action
Jeff Tremaine,Douglas Booth,Iwan Rheon,Machine Gun Kelly,Drama Music History Comedy,the dirt,Douglas Booth Iwan Rheon Machine Gun Kelly Jeff Tremaine Drama Music History Comedy
S. Craig Zahler,Mel Gibson,Vince Vaughn,Michael Jai White,Crime Action Thriller,dragged across concrete,Mel Gibson Vince Vaughn Michael Jai White S. Craig Zahler Crime Action Thriller
Tim Burton,Colin Farrell,Michael Keaton,Danny DeVito,Animation Family,dumbo,Colin Farrell Michael Keaton Danny DeVito Tim Burton Animation Family
Harmony Korine,Matthew McConaughey,Zac Efron,Jonah Hill,Comedy,the beach bum,Matthew McConaughey Zac Efron Jonah Hill Harmony Korine Comedy
"Chuck Konzelman, Cary Soloman",Ashley Bratcher,Brooks Ryan,Robia Scott,Drama,unplanned,"Ashley Bratcher Brooks Ryan Robia Scott Chuck Konzelman, Cary Soloman Drama"
David F. Sandberg,Zachary Levi,Asher Angel,Mark Strong,Action Comedy Fantasy,shazam!,Zachary Levi Asher Angel Mark Strong David F. Sandberg Action Comedy Fantasy
"Kevin Kolsch, Dennis Widmyer",Jason Clarke,Amy Seimetz,John Lithgow,Horror Thriller,pet sematary,"Jason Clarke Amy Seimetz John Lithgow Kevin Kolsch, Dennis Widmyer Horror Thriller"
Robin Bissell,Taraji P. Henson,Sam Rockwell,unknown,Drama History,the best of enemies,Taraji P. Henson Sam Rockwell unknown Robin Bissell Drama History
Claire Denis,Robert Pattinson,Juliette Binoche,André Benjamin,Science Fiction Drama Mystery,high life,Robert Pattinson Juliette Binoche André Benjamin Claire Denis Science Fiction Drama Mystery
Brie Larson,Brie Larson,Samuel L. Jackson,Joan Cusack,Fantasy Drama Comedy,unicorn store,Brie Larson Samuel L. Jackson Joan Cusack Brie Larson Fantasy Drama Comedy
Daniel Farrands,Hilary Duff,Jonathan Bennett,Lydia Hearst,Horror Thriller,the haunting of sharon tate,Hilary Duff Jonathan Bennett Lydia Hearst Daniel Farrands Horror Thriller
Emma Tammi,Caitlin Gerard,Ashley Zukerman,Julia Goldani Telles,Horror Mystery Western,the wind,Caitlin Gerard Ashley Zukerman Julia Goldani Telles Emma Tammi Horror Mystery Western
Rashid Johnson,Ashton Sanders,Margaret Qualley,Nick Robinson,Drama,native son,Ashton Sanders Margaret Qualley Nick Robinson Rashid Johnson Drama
John R. Leonetti,Kiernan Shipka,Stanley Tucci,Miranda Otto,Horror Drama Thriller Fantasy,the silence,Kiernan Shipka Stanley Tucci Miranda Otto John R. Leonetti Horror Drama Thriller Fantasy
Neil Marshall,David Harbour,Milla Jovovich,Ian McShane,Fantasy Horror Action Adventure,hellboy,David Harbour Milla Jovovich Ian McShane Neil Marshall Fantasy Horror Action Adventure
Tina Gordon,Issa Rae,Regina Hall,Marsai Martin,Comedy Fantasy Romance,little,Issa Rae Regina Hall Marsai Martin Tina Gordon Comedy Fantasy Romance
Chris Butler,Hugh Jackman,Zach Galifianakis,Zoe Saldana,Family Animation Comedy Adventure,missing link,Hugh Jackman Zach Galifianakis Zoe Saldana Chris Butler Family Animation Comedy Adventure
Jenny Gage,Josephine Langford,Hero Fiennes Tiffin,Selma Blair,Romance Drama,after,Josephine Langford Hero Fiennes Tiffin Selma Blair Jenny Gage Romance Drama
Alex Ross Perry,Elisabeth Moss,Cara Delevingne,Dan Stevens,Drama Music,her smell,Elisabeth Moss Cara Delevingne Dan Stevens Alex Ross Perry Drama Music
Roxann Dawson,Chrissy Metz,Josh Lucas,Topher Grace,Drama,breakthrough,Chrissy Metz Josh Lucas Topher Grace Roxann Dawson Drama
Alastair Fothergill,Alastair Fothergill (director),Jeff Wilson (co-director); Ed Helms,unknown,Documentary Family,penguins,Alastair Fothergill (director) Jeff Wilson (co-director); Ed Helms unknown Alastair Fothergill Documentary Family
Michael Chaves,Linda Cardellini,Raymond Cruz,Patricia Velasquez,Horror,the curse of la llorona,Linda Cardellini Raymond Cruz Patricia Velasquez Michael Chaves Horror
David Robert Mitchell,Andrew Garfield,Riley Keough,Topher Grace,Crime Drama Mystery,under the silver lake,Andrew Garfield Riley Keough Topher Grace David Robert Mitchell Crime Drama Mystery
Laura Steinel,Taylor Schilling,Brian Tyree Henry,Bryn Vale,Drama Horror,family,Taylor Schilling Brian Tyree Henry Bryn Vale Laura Steinel Drama Horror
Julia Hart,Gugu Mbatha-Raw,Lorraine Toussaint,Saniyya Sidney,Thriller Science Fiction,fast color,Gugu Mbatha-Raw Lorraine Toussaint Saniyya Sidney Julia Hart Thriller Science Fiction
Jennifer Kaytin Robinson,Gina Rodriguez,Brittany Snow,DeWanda Wise,Comedy Romance,someone great,Gina Rodriguez Brittany Snow DeWanda Wise Jennifer Kaytin Robinson Comedy Romance
Meir Zarchi,Camille Keaton,Maria Olsen,Meir Zarchi,Thriller Horror,i spit on your grave: deja vu,Camille Keaton Maria Olsen Meir Zarchi Meir Zarchi Thriller Horror
Anthony and Joe Russo,Robert Downey Jr.,Chris Evans,Mark Ruffalo,Adventure Science Fiction Action,avengers: endgame,Robert Downey Jr. Chris Evans Mark Ruffalo Anthony and Joe Russo Adventure Science Fiction Action
Josh Lobo,A. J. Bowen,Scott Poythress,Susan Burke,Horror Mystery Drama,i trapped the devil,A. J. Bowen Scott Poythress Susan Burke Josh Lobo Horror Mystery Drama
Roxanne Benjamin,Karina Fontes,Casey Adams,Emily Althaus,Horror Thriller,body at brighton rock,Karina Fontes Casey Adams Emily Althaus Roxanne Benjamin Horror Thriller
Tanya Wexler,Zoey Deutch,Jermaine Fowler,Judy Greer,Comedy Drama,buffaloed,Zoey Deutch Jermaine Fowler Judy Greer Tanya Wexler Comedy Drama
Jonathan Levine,Seth Rogen,Charlize Theron,O'Shea Jackson Jr.,Comedy Romance,long shot,Seth Rogen Charlize Theron O'Shea Jackson Jr. Jonathan Levine Comedy Romance
Deon Taylor,Dennis Quaid,Michael Ealy,Meagan Good,Thriller,the intruder,Dennis Quaid Michael Ealy Meagan Good Deon Taylor Thriller
Kelly Asbury,Kelly Clarkson,Pitbull,Nick Jonas,Animation Music Family Comedy,uglydolls,Kelly Clarkson Pitbull Nick Jonas Kelly Asbury Animation Music Family Comedy
Joe Berlinger,Zac Efron,Lily Collins,Kaya Scodelario,Drama Crime,"extremely wicked, shockingly evil and vile",Zac Efron Lily Collins Kaya Scodelario Joe Berlinger Drama Crime
William Bindley,KJ Apa,Maia Mitchell,Jacob Latimore,Romance Comedy,the last summer,KJ Apa Maia Mitchell Jacob Latimore William Bindley Romance Comedy
Rob Letterman,Ryan Reynolds,Justice Smith,Kathryn Newton,Action Adventure Fantasy,pokémon detective pikachu,Ryan Reynolds Justice Smith Kathryn Newton Rob Letterman Action Adventure Fantasy
Chris Addison,Anne Hathaway,Rebel Wilson,Alex Sharp,Comedy Crime,the hustle,Anne Hathaway Rebel Wilson Alex Sharp Chris Addison Comedy Crime
Dome Karukoski,Nicholas Hoult,Lily Collins,Colm Meaney,War Drama Romance,tolkien,Nicholas Hoult Lily Collins Colm Meaney Dome Karukoski War Drama Romance
Zara Hayes,Diane Keaton,Jacki Weaver,Pam Grier,Comedy Drama,poms,Diane Keaton Jacki Weaver Pam Grier Zara Hayes Comedy Drama
"P.B. Shemran (director, screenplay); Todd Komarnicki (screenplay); Mel Gibson, Sean Penn, Natalie Dormer, Eddie Marsan, Jennifer Ehle, David O'Hara, Ioan Gruffudd, Stephen Dillane, Steve Coogan",Mel Gibson,Sean Penn,Natalie Dormer,History Drama Mystery Thriller,the professor and the madman,"Mel Gibson Sean Penn Natalie Dormer P.B. Shemran (director, screenplay); Todd Komarnicki (screenplay); Mel Gibson, Sean Penn, Natalie Dormer, Eddie Marsan, Jennifer Ehle, David O'Hara, Ioan Gruffudd, Stephen Dillane, Steve Coogan History Drama Mystery Thriller"
Chad Stahelski,Keanu Reeves,Halle Berry,Laurence Fishburne,Action Thriller Crime,john wick: chapter 3 – parabellum,Keanu Reeves Halle Berry Laurence Fishburne Chad Stahelski Action Thriller Crime
Gail Mancuso,Dennis Quaid,Josh Gad,Marg Helgenberger,Family Adventure Drama,a dog's journey,Dennis Quaid Josh Gad Marg Helgenberger Gail Mancuso Family Adventure Drama
Ry Russo-Young,Yara Shahidi,Charles Melton,John Leguizamo,Romance Drama,the sun is also a star,Yara Shahidi Charles Melton John Leguizamo Ry Russo-Young Romance Drama
Wayne Roberts,Johnny Depp,Rosemarie DeWitt,Danny Huston,Comedy Drama,the professor,Johnny Depp Rosemarie DeWitt Danny Huston Wayne Roberts Comedy Drama
Joanna Hogg,Honor Swinton Byrne,Tom Burke,Tilda Swinton,Romance Drama,the souvenir,Honor Swinton Byrne Tom Burke Tilda Swinton Joanna Hogg Romance Drama
"Noble Jones (director, screenplay); John Lithgow, Blythe Danner, Derek Cecil, Katie Aselton, Sophie Thatcher, Eve Harlow",John Lithgow,Blythe Danner,Derek Cecil,Drama Romance,the tomorrow man,"John Lithgow Blythe Danner Derek Cecil Noble Jones (director, screenplay); John Lithgow, Blythe Danner, Derek Cecil, Katie Aselton, Sophie Thatcher, Eve Harlow Drama Romance"
Guy Ritchie,Mena Massoud,Will Smith,Naomi Scott,Animation Family Adventure Fantasy Romance,aladdin,Mena Massoud Will Smith Naomi Scott Guy Ritchie Animation Family Adventure Fantasy Romance
David Yarovesky,Elizabeth Banks,David Denman,Jackson A. Dunn,Horror Science Fiction Thriller Mystery,brightburn,Elizabeth Banks David Denman Jackson A. Dunn David Yarovesky Horror Science Fiction Thriller Mystery
Olivia Wilde,Kaitlyn Dever,Beanie Feldstein,Jessica Williams,Comedy,booksmart,Kaitlyn Dever Beanie Feldstein Jessica Williams Olivia Wilde Comedy
Richard Shepard,Allison Williams,Logan Browning,Steven Weber,Horror Thriller Drama,the perfection,Allison Williams Logan Browning Steven Weber Richard Shepard Horror Thriller Drama
Nahnatchka Khan,Ali Wong,Randall Park,Daniel Dae Kim,Romance Comedy,always be my maybe,Ali Wong Randall Park Daniel Dae Kim Nahnatchka Khan Romance Comedy
Daniel Minahan,Timothy Olyphant,Ian McShane,Molly Parker,Western Drama,deadwood: the movie,Timothy Olyphant Ian McShane Molly Parker Daniel Minahan Western Drama
Michael Dougherty,Kyle Chandler,Vera Farmiga,Millie Bobby Brown,Science Fiction Action,godzilla: king of the monsters,Kyle Chandler Vera Farmiga Millie Bobby Brown Michael Dougherty Science Fiction Action
Dexter Fletcher,Taron Egerton,Jamie Bell,Richard Madden,Music Drama,rocketman,Taron Egerton Jamie Bell Richard Madden Dexter Fletcher Music Drama
Tate Taylor,Octavia Spencer,Juliette Lewis,Diana Silvers,Horror Thriller,ma,Octavia Spencer Juliette Lewis Diana Silvers Tate Taylor Horror Thriller
Simon Kinberg,James McAvoy,Michael Fassbender,Jennifer Lawrence,Science Fiction Action Adventure,dark phoenix,James McAvoy Michael Fassbender Jennifer Lawrence Simon Kinberg Science Fiction Action Adventure
Chris Renaud,Patton Oswalt,Eric Stonestreet,Kevin Hart,Adventure Animation Comedy Family,the secret life of pets 2,Patton Oswalt Eric Stonestreet Kevin Hart Chris Renaud Adventure Animation Comedy Family
Nisha Ganatra,Emma Thompson,Mindy Kaling,Max Casella,Horror,late night,Emma Thompson Mindy Kaling Max Casella Nisha Ganatra Horror
Joe Talbot,Jimmie Fails,Jonathan Majors,Danny Glover,Drama,the last black man in san francisco,Jimmie Fails Jonathan Majors Danny Glover Joe Talbot Drama
Seth Green,Breckin Meyer,Macaulay Culkin,Brenda Song,Comedy Drama,changeland,Breckin Meyer Macaulay Culkin Brenda Song Seth Green Comedy Drama
F. Gary Gray,Chris Hemsworth,Tessa Thompson,Kumail Nanjiani,Comedy Science Fiction Action,men in black: international,Chris Hemsworth Tessa Thompson Kumail Nanjiani F. Gary Gray Comedy Science Fiction Action
Tim Story,Samuel L. Jackson,Jessie Usher,Richard Roundtree,Action Crime,shaft,Samuel L. Jackson Jessie Usher Richard Roundtree Tim Story Action Crime
Jim Jarmusch,Bill Murray,Adam Driver,Tilda Swinton,Comedy Horror,the dead don't die,Bill Murray Adam Driver Tilda Swinton Jim Jarmusch Comedy Horror
Kyle Newacheck,Adam Sandler,Jennifer Aniston,Luke Evans,Action Comedy Mystery,murder mystery,Adam Sandler Jennifer Aniston Luke Evans Kyle Newacheck Action Comedy Mystery
"Jeff Chan, Andrew Rhymer",Maya Erskine,Jack Quaid,Beck Bennett,Comedy Romance,plus one,"Maya Erskine Jack Quaid Beck Bennett Jeff Chan, Andrew Rhymer Comedy Romance"
Miranda Bailey,Jim Gaffigan,Logan Miller,Samantha Mathis,Comedy,being frank,Jim Gaffigan Logan Miller Samantha Mathis Miranda Bailey Comedy
Josh Cooley,Tom Hanks,Tim Allen,Annie Potts,Family Adventure Animation Comedy Fantasy,toy story 4,Tom Hanks Tim Allen Annie Potts Josh Cooley Family Adventure Animation Comedy Fantasy
Luc Besson,Sasha Luss,Helen Mirren,Luke Evans,Action Adventure Thriller,anna,Sasha Luss Helen Mirren Luke Evans Luc Besson Action Adventure Thriller
Lars Klevberg,Aubrey Plaza,Gabriel Bateman,Brian Tyree Henry,Horror,child's play,Aubrey Plaza Gabriel Bateman Brian Tyree Henry Lars Klevberg Horror
Gary Dauberman,Mckenna Grace,Madison Iseman,Katie Sarife,Horror,annabelle comes home,Mckenna Grace Madison Iseman Katie Sarife Gary Dauberman Horror
Danny Boyle,Himesh Patel,Lily James,Ed Sheeran,Comedy Fantasy Music Romance,yesterday,Himesh Patel Lily James Ed Sheeran Danny Boyle Comedy Fantasy Music Romance
Claire McCarthy,Daisy Ridley,Naomi Watts,Clive Owen,Drama Romance History,ophelia,Daisy Ridley Naomi Watts Clive Owen Claire McCarthy Drama Romance History
Martin Owen,Tommy Flanagan,Rhyon Nicole Brown,Jessica Alba,Action Thriller Crime Mystery,killers anonymous,Tommy Flanagan Rhyon Nicole Brown Jessica Alba Martin Owen Action Thriller Crime Mystery
Jon Watts,Tom Holland,Samuel L. Jackson,Zendaya,Action Adventure Science Fiction,spider-man: far from home,Tom Holland Samuel L. Jackson Zendaya Jon Watts Action Adventure Science Fiction
John Herzfeld,Sylvester Stallone,Curtis Jackson,Dave Bautista,Action Thriller,escape plan: the extractors,Sylvester Stallone Curtis Jackson Dave Bautista John Herzfeld Action Thriller
Ari Aster,Florence Pugh,Jack Reynor,William Jackson Harper,Horror Drama Mystery,midsommar,Florence Pugh Jack Reynor William Jackson Harper Ari Aster Horror Drama Mystery
Michael Dowse,Kumail Nanjiani,Dave Bautista,Iko Uwais,Action Comedy,stuber,Kumail Nanjiani Dave Bautista Iko Uwais Michael Dowse Action Comedy
Alexandre Aja,Kaya Scodelario,Barry Pepper,unknown,Horror Thriller,crawl,Kaya Scodelario Barry Pepper unknown Alexandre Aja Horror Thriller
Joe Lynch,Frank Grillo,Anthony Mackie,Marcia Gay Harden,Action Thriller,point blank,Frank Grillo Anthony Mackie Marcia Gay Harden Joe Lynch Action Thriller
Lulu Wang,Awkwafina,Tzi Ma,Diana Lin,Comedy Drama,the farewell,Awkwafina Tzi Ma Diana Lin Lulu Wang Comedy Drama
Pollyanna Mcintosh,Pollyanna McIntosh,Cooper Andrews,Nora-Jane Noone,Horror Thriller Mystery,darlin',Pollyanna McIntosh Cooper Andrews Nora-Jane Noone Pollyanna Mcintosh Horror Thriller Mystery
Jon Favreau,Donald Glover,Seth Rogen,Chiwetel Ejiofor,Adventure Family Drama Animation,the lion king,Donald Glover Seth Rogen Chiwetel Ejiofor Jon Favreau Adventure Family Drama Animation
Quentin Tarantino,Leonardo DiCaprio,Brad Pitt,Margot Robbie,Comedy Drama Thriller,once upon a time in hollywood,Leonardo DiCaprio Brad Pitt Margot Robbie Quentin Tarantino Comedy Drama Thriller
Guy Nattiv,Jamie Bell,Danielle Macdonald,Daniel Henshall,Drama Crime History Romance,skin,Jamie Bell Danielle Macdonald Daniel Henshall Guy Nattiv Drama Crime History Romance
Tony Olmos,Brian Patrick Butler,George Jac,Jennifer Paredes,Action Crime Drama Science Fiction Thriller,south of 8,Brian Patrick Butler George Jac Jennifer Paredes Tony Olmos Action Crime Drama Science Fiction Thriller
Gideon Raff,Chris Evans,Haley Bennett,Michael K. Williams,Drama Thriller History,the red sea diving resort,Chris Evans Haley Bennett Michael K. Williams Gideon Raff Drama Thriller History
David Leitch,Dwayne Johnson,Jason Statham,Idris Elba,Action Adventure Comedy,fast & furious presents: hobbs & shaw,Dwayne Johnson Jason Statham Idris Elba David Leitch Action Adventure Comedy
Shawn Ku,Nicolas Cage,Benjamin Bratt,unknown,Action Crime Drama Thriller,a score to settle,Nicolas Cage Benjamin Bratt unknown Shawn Ku Action Crime Drama Thriller
Yuval Adler,Diane Kruger,Martin Freeman,Cas Anvar,Drama Thriller,the operative,Diane Kruger Martin Freeman Cas Anvar Yuval Adler Drama Thriller
James Bobin,Isabela Moner,Eugenio Derbez,Michael Peña,Adventure Comedy Family Fantasy,dora and the lost city of gold,Isabela Moner Eugenio Derbez Michael Peña James Bobin Adventure Comedy Family Fantasy
Andrea Berloff,Melissa McCarthy,Tiffany Haddish,Elisabeth Moss,Action Crime Drama,the kitchen,Melissa McCarthy Tiffany Haddish Elisabeth Moss Andrea Berloff Action Crime Drama
Simon Curtis,Milo Ventimiglia,Amanda Seyfried,Kathy Baker,Drama Romance,the art of racing in the rain,Milo Ventimiglia Amanda Seyfried Kathy Baker Simon Curtis Drama Romance
André Øvredal,Zoe Colletti,Michael Garza,Gabriel Rush,Horror Thriller,scary stories to tell in the dark,Zoe Colletti Michael Garza Gabriel Rush André Øvredal Horror Thriller
"Tyler Nilson, Michael Schwartz",Shia LaBeouf,Dakota Johnson,John Hawkes,Adventure Comedy Drama,the peanut butter falcon,"Shia LaBeouf Dakota Johnson John Hawkes Tyler Nilson, Michael Schwartz Adventure Comedy Drama"
Bart Freundlich,Michelle Williams,Julianne Moore,Billy Crudup,Drama,after the wedding,Michelle Williams Julianne Moore Billy Crudup Bart Freundlich Drama
Casey Affleck,Casey Affleck,Anna Pniowsky,Tom Bower,Science Fiction Drama,light of my life,Casey Affleck Anna Pniowsky Tom Bower Casey Affleck Science Fiction Drama
Thurop Van Orman,Jason Sudeikis,Josh Gad,Leslie Jones,Animation Action Fantasy Adventure Comedy,the angry birds movie 2,Jason Sudeikis Josh Gad Leslie Jones Thurop Van Orman Animation Action Fantasy Adventure Comedy
Gene Stupnitsky,Jacob Tremblay,Brady Noon,Keith L. Williams,Comedy,good boys,Jacob Tremblay Brady Noon Keith L. Williams Gene Stupnitsky Comedy
Gurinder Chadha,Viveik Kalra,Kulvinder Ghir,Meera Ganatra,Drama Comedy,blinded by the light,Viveik Kalra Kulvinder Ghir Meera Ganatra Gurinder Chadha Drama Comedy
Richard Linklater,Cate Blanchett,Billy Crudup,Emma Nelson,Comedy Drama,"where'd you go, bernadette",Cate Blanchett Billy Crudup Emma Nelson Richard Linklater Comedy Drama
Johannes Roberts,John Corbett,Nia Long,Sophie Nelisse,Horror,47 meters down: uncaged,John Corbett Nia Long Sophie Nelisse Johannes Roberts Horror
William McGregor,Maxine Peake,Eleanor Worthington Cox,Richard Harrington,Drama Mystery Horror History,gwen,Maxine Peake Eleanor Worthington Cox Richard Harrington William McGregor Drama Mystery Horror History
"Matt Bettinelli-Olpin, Tyler Gillett",Samara Weaving,Adam Brody,Mark O'Brien,Horror Comedy,ready or not,"Samara Weaving Adam Brody Mark O'Brien Matt Bettinelli-Olpin, Tyler Gillett Horror Comedy"
Ric Roman Waugh,Gerard Butler,Morgan Freeman,Jada Pinkett Smith,Action Thriller,angel has fallen,Gerard Butler Morgan Freeman Jada Pinkett Smith Ric Roman Waugh Action Thriller
Paul Downs Colaizzo,Jillian Bell,Michaela Watkins,Utkarsh Ambudkar,Comedy Drama,brittany runs a marathon,Jillian Bell Michaela Watkins Utkarsh Ambudkar Paul Downs Colaizzo Comedy Drama
Alex Kendrick,Alex Kendrick,Priscilla Shirer,Ben Davies,Drama,overcomer,Alex Kendrick Priscilla Shirer Ben Davies Alex Kendrick Drama
David M. Rosenthal,Michael Ealy,Jesse Williams,Nicole Beharie,Drama Mystery Horror,jacob's ladder,Michael Ealy Jesse Williams Nicole Beharie David M. Rosenthal Drama Mystery Horror
Mike Gan,Tilda Cobham-Hervey,Suki Waterhouse,Harry Shum Jr.,Thriller Crime Action,burn,Tilda Cobham-Hervey Suki Waterhouse Harry Shum Jr. Mike Gan Thriller Crime Action
Gavin Hood,Keira Knightley,Matt Smith,Matthew Goode,Thriller History Drama,official secrets,Keira Knightley Matt Smith Matthew Goode Gavin Hood Thriller History Drama
Jacob Aaron Estes,Jacob Aaron Estes,Drew Daywalt (story); David Oyelowo,Storm Reid,Science Fiction Thriller Mystery Horror,don't let go,Jacob Aaron Estes Drew Daywalt (story); David Oyelowo Storm Reid Jacob Aaron Estes Science Fiction Thriller Mystery Horror
Micah Gallo,Bruce Davison,Denise Crosby,Elizabeth Roberts,Horror Thriller,itsy bitsy,Bruce Davison Denise Crosby Elizabeth Roberts Micah Gallo Horror Thriller
Fred Durst,John Travolta,Devon Sawa,Ana Golja,Crime Thriller,the fanatic,John Travolta Devon Sawa Ana Golja Fred Durst Crime Thriller
Matthew Thompson,Josh Pinkowski,Izzy Pollak,Blake Kevin Dwyer,Family,"debunkers, inc.",Josh Pinkowski Izzy Pollak Blake Kevin Dwyer Matthew Thompson Family
Andy Muschietti,James McAvoy,Jessica Chastain,Bill Hader,Horror Drama Fantasy,it chapter two,James McAvoy Jessica Chastain Bill Hader Andy Muschietti Horror Drama Fantasy
Chelsea Stardust,Hayley Griffith,Ruby Modine,Arden Myrin,Horror Comedy,satanic panic,Hayley Griffith Ruby Modine Arden Myrin Chelsea Stardust Horror Comedy
Rowan Athale,Amy Ryan,Nick Robinson,Margaret Qualley,Thriller,strange but true,Amy Ryan Nick Robinson Margaret Qualley Rowan Athale Thriller
Ali LeRoi,Steven Silver,Nicola Peltz,unknown,Drama Thriller,the obituary of tunde johnson,Steven Silver Nicola Peltz unknown Ali LeRoi Drama Thriller
John Crowley,Ansel Elgort,Oakes Fegley,Aneurin Barnard,Drama,the goldfinch,Ansel Elgort Oakes Fegley Aneurin Barnard John Crowley Drama
Lorene Scafaria,Constance Wu,Jennifer Lopez,Julia Stiles,Drama Comedy Crime,hustlers,Constance Wu Jennifer Lopez Julia Stiles Lorene Scafaria Drama Comedy Crime
Michael Tyburski,Rashida Jones,Peter Sarsgaard,Tony Revolori,Drama,the sound of silence,Rashida Jones Peter Sarsgaard Tony Revolori Michael Tyburski Drama
Alejandro Landes,Julianne Nicholson,Moisés Arias,unknown,Drama Adventure,monos,Julianne Nicholson Moisés Arias unknown Alejandro Landes Drama Adventure
Nzingha Stewart,Ava Michelle,Griffin Gluck,Luke Eisner,Comedy Drama Romance,tall girl,Ava Michelle Griffin Gluck Luke Eisner Nzingha Stewart Comedy Drama Romance
James Gray,Brad Pitt,Tommy Lee Jones,Ruth Negga,Science Fiction Drama,ad astra,Brad Pitt Tommy Lee Jones Ruth Negga James Gray Science Fiction Drama
Michael Engler,Hugh Bonneville,Jim Carter,Michelle Dockery,Drama Romance History,downton abbey,Hugh Bonneville Jim Carter Michelle Dockery Michael Engler Drama Romance History
Adrian Grunberg,Sylvester Stallone,Adriana Barraza,Paz Vega,Action Thriller Drama,rambo: last blood,Sylvester Stallone Adriana Barraza Paz Vega Adrian Grunberg Action Thriller Drama
Henry Jacobson,Seann William Scott,Mariela Garriga,Dale Dickey,Documentary,bloodline,Seann William Scott Mariela Garriga Dale Dickey Henry Jacobson Documentary
Jason Cabell,Nicolas Cage,Laurence Fishburne,unknown,Crime Drama Thriller,running with the devil,Nicolas Cage Laurence Fishburne unknown Jason Cabell Crime Drama Thriller
Brad Anderson,Sam Worthington,Lily Rabe,Stephen Tobolowsky,Thriller,fractured,Sam Worthington Lily Rabe Stephen Tobolowsky Brad Anderson Thriller
Jill Culton,Todd Wilderman (co-director); Chloe Bennet,Albert Tsai,Tenzing Norgay Trainor,Family Animation Adventure Comedy,abominable,Todd Wilderman (co-director); Chloe Bennet Albert Tsai Tenzing Norgay Trainor Jill Culton Family Animation Adventure Comedy
Steven Soderbergh,Meryl Streep,Gary Oldman,Antonio Banderas,Crime Drama Comedy,the laundromat,Meryl Streep Gary Oldman Antonio Banderas Steven Soderbergh Crime Drama Comedy
Rupert Goold,Renée Zellweger,Jessie Buckley,Finn Wittrock,Drama History Music,judy,Renée Zellweger Jessie Buckley Finn Wittrock Rupert Goold Drama History Music
Franck Khalfoun,Logan Miller,Kristine Froseth,unknown,Action Thriller Horror,prey,Logan Miller Kristine Froseth unknown Franck Khalfoun Action Thriller Horror
Brian A. Miller,Bruce Willis,Michael Chiklis,unknown,Crime Action Thriller Mystery,10 minutes gone,Bruce Willis Michael Chiklis unknown Brian A. Miller Crime Action Thriller Mystery
Todd Phillips,Joaquin Phoenix,Robert De Niro,Zazie Beetz,Crime Thriller Drama,joker,Joaquin Phoenix Robert De Niro Zazie Beetz Todd Phillips Crime Thriller Drama
Noah Hawley,Natalie Portman,Jon Hamm,Zazie Beetz,Drama Thriller Romance,lucy in the sky,Natalie Portman Jon Hamm Zazie Beetz Noah Hawley Drama Thriller Romance
Craig Brewer,Eddie Murphy,Keegan-Michael Key,Mike Epps,Drama Comedy History,dolemite is my name,Eddie Murphy Keegan-Michael Key Mike Epps Craig Brewer Drama Comedy History
Vincenzo Natali,Patrick Wilson,Harrison Gilbertson,Rachel Wilson,Horror Drama Thriller,in the tall grass,Patrick Wilson Harrison Gilbertson Rachel Wilson Vincenzo Natali Horror Drama Thriller
Kevin McMullin,Keean Johnson,Jaeden Martell,Alex Neustaedter,Thriller,low tide,Keean Johnson Jaeden Martell Alex Neustaedter Kevin McMullin Thriller
Michael Beach Nichols,Michael Beach Nichols (director); Michael Beach Nichols,Christopher K. Walker (screenplay),unknown,Documentary Horror Comedy,wrinkles the clown,Michael Beach Nichols (director); Michael Beach Nichols Christopher K. Walker (screenplay) unknown Michael Beach Nichols Documentary Horror Comedy
Abe Forsythe,Lupita Nyong'o,Alexander England,Josh Gad,Horror Comedy,little monsters,Lupita Nyong'o Alexander England Josh Gad Abe Forsythe Horror Comedy
Ang Lee,Will Smith,Mary Elizabeth Winstead,Clive Owen,Science Fiction Action Adventure Thriller,gemini man,Will Smith Mary Elizabeth Winstead Clive Owen Ang Lee Science Fiction Action Adventure Thriller
"Conrad Vernon, Greg Tiernan",Oscar Isaac,Charlize Theron,Chloë Grace Moretz,Family Animation Comedy Fantasy,the addams family,"Oscar Isaac Charlize Theron Chloë Grace Moretz Conrad Vernon, Greg Tiernan Family Animation Comedy Fantasy"
David Michôd,Timothée Chalamet,Joel Edgerton,Sean Harris,Adventure Family Drama Animation,the king,Timothée Chalamet Joel Edgerton Sean Harris David Michôd Adventure Family Drama Animation
"Jon Lucas, Scott Moore (directors/screenplay); Adam Devine, Rose Byrne, Alexandra Shipp, Ron Funches, Charlyne Yi, Wanda Sykes, Justin Hartley, Kid Cudi, Michael Peña",Adam Devine,Rose Byrne,Alexandra Shipp,Comedy,jexi,"Adam Devine Rose Byrne Alexandra Shipp Jon Lucas, Scott Moore (directors/screenplay); Adam Devine, Rose Byrne, Alexandra Shipp, Ron Funches, Charlyne Yi, Wanda Sykes, Justin Hartley, Kid Cudi, Michael Peña Comedy"
Lars Klevberg,Kathryn Prescott,Grace Zabriskie,Samantha Logan,Horror Thriller Mystery,polaroid,Kathryn Prescott Grace Zabriskie Samantha Logan Lars Klevberg Horror Thriller Mystery
Vince Gilligan,Aaron Paul,Jesse Plemons,Scott MacArthur,Crime Drama Thriller,el camino: a breaking bad movie,Aaron Paul Jesse Plemons Scott MacArthur Vince Gilligan Crime Drama Thriller
Joachim Rønning,Angelina Jolie,Elle Fanning,Michelle Pfeiffer,Family Fantasy Adventure Action,maleficent: mistress of evil,Angelina Jolie Elle Fanning Michelle Pfeiffer Joachim Rønning Family Fantasy Adventure Action
Ruben Fleischer,Woody Harrelson,Jesse Eisenberg,Emma Stone,Comedy Horror,zombieland: double tap,Woody Harrelson Jesse Eisenberg Emma Stone Ruben Fleischer Comedy Horror
Taika Waititi,Roman Griffin Davis,Thomasin McKenzie,Scarlett Johansson,Comedy War Drama,jojo rabbit,Roman Griffin Davis Thomasin McKenzie Scarlett Johansson Taika Waititi Comedy War Drama
Robert Eggers,Willem Dafoe,Robert Pattinson,unknown,Drama Fantasy Thriller,the lighthouse,Willem Dafoe Robert Pattinson unknown Robert Eggers Drama Fantasy Thriller
Babak Anvari,Armie Hammer,Dakota Johnson,Zazie Beetz,Horror Mystery Thriller,wounds,Armie Hammer Dakota Johnson Zazie Beetz Babak Anvari Horror Mystery Thriller
Deon Taylor,Naomie Harris,Tyrese Gibson,Frank Grillo,Action Crime Drama Thriller,black and blue,Naomie Harris Tyrese Gibson Frank Grillo Deon Taylor Action Crime Drama Thriller
Alfonso Gomez-Rejon,Benedict Cumberbatch,Michael Shannon,Katherine Waterston,Drama History,the current war,Benedict Cumberbatch Michael Shannon Katherine Waterston Alfonso Gomez-Rejon Drama History
Justin Dec,Elizabeth Lail,Peter Facinelli,Anne Winters,Horror Thriller,countdown,Elizabeth Lail Peter Facinelli Anne Winters Justin Dec Horror Thriller
Dan Krauss,Dan Krauss (director); Nat Wolff,Alexander Skarsgård,unknown,War Action Drama,the kill team,Dan Krauss (director); Nat Wolff Alexander Skarsgård unknown Dan Krauss War Action Drama
"Chris Lofing, Travis Cluff",Chris Milligan,Ema Horvath,Brittany Falardeau,Horror Thriller,the gallows act ii,"Chris Milligan Ema Horvath Brittany Falardeau Chris Lofing, Travis Cluff Horror Thriller"
Tim Miller,Linda Hamilton,Arnold Schwarzenegger,Mackenzie Davis,Science Fiction Action Adventure,terminator: dark fate,Linda Hamilton Arnold Schwarzenegger Mackenzie Davis Tim Miller Science Fiction Action Adventure
Edward Norton,Edward Norton,Bruce Willis,Gugu Mbatha-Raw,Drama Thriller,motherless brooklyn,Edward Norton Bruce Willis Gugu Mbatha-Raw Edward Norton Drama Thriller
Martin Scorsese,Robert De Niro,Al Pacino,Joe Pesci,Crime Drama History,the irishman,Robert De Niro Al Pacino Joe Pesci Martin Scorsese Crime Drama History
Kasi Lemmons,Cynthia Erivo,Leslie Odom Jr.,Joe Alwyn,Drama History,harriet,Cynthia Erivo Leslie Odom Jr. Joe Alwyn Kasi Lemmons Drama History
Aaron Woodley,Jeremy Renner,James Franco,Heidi Klum,Animation Adventure Comedy,arctic dogs,Jeremy Renner James Franco Heidi Klum Aaron Woodley Animation Adventure Comedy
Noah Baumbach,Scarlett Johansson,Adam Driver,Laura Dern,Drama,marriage story,Scarlett Johansson Adam Driver Laura Dern Noah Baumbach Drama
Mike Flanagan,Ewan McGregor,Rebecca Ferguson,Kyliegh Curran,Horror Thriller Fantasy,doctor sleep,Ewan McGregor Rebecca Ferguson Kyliegh Curran Mike Flanagan Horror Thriller Fantasy
Paul Feig,Emilia Clarke,Henry Golding,Michelle Yeoh,Comedy Romance,last christmas,Emilia Clarke Henry Golding Michelle Yeoh Paul Feig Comedy Romance
Andy Fickman,John Cena,Keegan-Michael Key,John Leguizamo,Family Comedy,playing with fire,John Cena Keegan-Michael Key John Leguizamo Andy Fickman Family Comedy
Luke Snellin,Isabela Merced,Shameik Moore,Kiernan Shipka,Romance Comedy,let it snow,Isabela Merced Shameik Moore Kiernan Shipka Luke Snellin Romance Comedy
Roland Emmerich,Ed Skrein,Patrick Wilson,Luke Evans,Action War History,midway,Ed Skrein Patrick Wilson Luke Evans Roland Emmerich Action War History
Sergio Pablos,J. K. Simmons,Jason Schwartzman,Rashida Jones,Animation Family Adventure Comedy Fantasy,klaus,J. K. Simmons Jason Schwartzman Rashida Jones Sergio Pablos Animation Family Adventure Comedy Fantasy
Alma Har'el,Shia LaBeouf,Lucas Hedges,Noah Jupe,Drama,honey boy,Shia LaBeouf Lucas Hedges Noah Jupe Alma Har'el Drama
Charlie Bean,Tessa Thompson,Justin Theroux,Kiersey Clemons,Family Animation Romance,lady and the tramp,Tessa Thompson Justin Theroux Kiersey Clemons Charlie Bean Family Animation Romance
Marc Lawrence,Anna Kendrick,Bill Hader,Kingsley Ben-Adir,Family Comedy Fantasy,noelle,Anna Kendrick Bill Hader Kingsley Ben-Adir Marc Lawrence Family Comedy Fantasy
James Mangold,Matt Damon,Christian Bale,Jon Bernthal,Drama Action History,ford v ferrari,Matt Damon Christian Bale Jon Bernthal James Mangold Drama Action History
Elizabeth Banks,Kristen Stewart,Naomi Scott,Ella Balinska,Action Adventure Comedy Crime Thriller,charlie's angels,Kristen Stewart Naomi Scott Ella Balinska Elizabeth Banks Action Adventure Comedy Crime Thriller
Bill Condon,Ian McKellen,Helen Mirren,Russell Tovey,Crime,the good liar,Ian McKellen Helen Mirren Russell Tovey Bill Condon Crime
Scott Z. Burns,Adam Driver,Annette Bening,Ted Levine,Drama,the report,Adam Driver Annette Bening Ted Levine Scott Z. Burns Drama
Trey Edward Shults,Kelvin Harrison Jr.,Lucas Hedges,Taylor Russell,Romance Drama,waves,Kelvin Harrison Jr. Lucas Hedges Taylor Russell Trey Edward Shults Romance Drama
"Chris Buck, Jennifer Lee",Idina Menzel,Kristen Bell,Jonathan Groff,Family Animation Adventure Comedy Fantasy,frozen ii,"Idina Menzel Kristen Bell Jonathan Groff Chris Buck, Jennifer Lee Family Animation Adventure Comedy Fantasy"
Marielle Heller,Tom Hanks,Matthew Rhys,Susan Kelechi Watson,Drama History,a beautiful day in the neighborhood,Tom Hanks Matthew Rhys Susan Kelechi Watson Marielle Heller Drama History
Brian Kirk,Chadwick Boseman,Sienna Miller,Stephan James,Crime Action Drama,21 bridges,Chadwick Boseman Sienna Miller Stephan James Brian Kirk Crime Action Drama
Todd Haynes,Mark Ruffalo,Anne Hathaway,Tim Robbins,Drama Thriller,dark waters,Mark Ruffalo Anne Hathaway Tim Robbins Todd Haynes Drama Thriller
Rian Johnson,Daniel Craig,Chris Evans,Ana de Armas,Comedy Crime Mystery,knives out,Daniel Craig Chris Evans Ana de Armas Rian Johnson Comedy Crime Mystery
Melina Matsoukas,Daniel Kaluuya,Jodie Turner-Smith,Bokeem Woodbine,Crime Drama Romance,queen & slim,Daniel Kaluuya Jodie Turner-Smith Bokeem Woodbine Melina Matsoukas Crime Drama Romance
Fernando Meirelles,Anthony Hopkins,Jonathan Pryce,unknown,Drama History,the two popes,Anthony Hopkins Jonathan Pryce unknown Fernando Meirelles Drama History
Lino DiSalvo,Anya Taylor-Joy,Daniel Radcliffe,Gabriel Bateman,Family Animation Comedy Adventure,playmobil: the movie,Anya Taylor-Joy Daniel Radcliffe Gabriel Bateman Lino DiSalvo Family Animation Comedy Adventure
Tom Harper,Felicity Jones,Eddie Redmayne,Himesh Patel,Adventure Drama Romance,the aeronauts,Felicity Jones Eddie Redmayne Himesh Patel Tom Harper Adventure Drama Romance
Sam Taylor-Johnson,Aaron Taylor-Johnson,Billy Bob Thornton,Odessa Young,Drama,a million little pieces,Aaron Taylor-Johnson Billy Bob Thornton Odessa Young Sam Taylor-Johnson Drama
Adam Egypt Mortimer,Miles Robbins,Patrick Schwarzenegger,Sasha Lane,Horror Mystery,daniel isn't real,Miles Robbins Patrick Schwarzenegger Sasha Lane Adam Egypt Mortimer Horror Mystery
Matt Eskandari,Bruce Willis,Nicky Whelan,unknown,Action Thriller,trauma center,Bruce Willis Nicky Whelan unknown Matt Eskandari Action Thriller
Jake Kasdan,Dwayne Johnson,Jack Black,Kevin Hart,Adventure Comedy Fantasy,jumanji: the next level,Dwayne Johnson Jack Black Kevin Hart Jake Kasdan Adventure Comedy Fantasy
Clint Eastwood,Paul Walter Hauser,Sam Rockwell,Kathy Bates,Drama,richard jewell,Paul Walter Hauser Sam Rockwell Kathy Bates Clint Eastwood Drama
Sophia Takal,Imogen Poots,Lily Donoghue,Aleyse Shannon,Horror Mystery Thriller,black christmas,Imogen Poots Lily Donoghue Aleyse Shannon Sophia Takal Horror Mystery Thriller
Michael Bay,Ryan Reynolds,Mélanie Laurent,Manuel Garcia-Rulfo,Action Comedy Thriller,6 underground,Ryan Reynolds Mélanie Laurent Manuel Garcia-Rulfo Michael Bay Action Comedy Thriller
Jay Roach,Charlize Theron,Nicole Kidman,Margot Robbie,Drama,bombshell,Charlize Theron Nicole Kidman Margot Robbie Jay Roach Drama
"Safdie brothers (directors/screenplay); Ronald Bronstein (screenplay); Adam Sandler, Lakeith Stanfield, Julia Fox, Kevin Garnett, Idina Menzel, Eric Bogosian",Adam Sandler,Lakeith Stanfield,Julia Fox,Drama Thriller Crime,uncut gems,"Adam Sandler Lakeith Stanfield Julia Fox Safdie brothers (directors/screenplay); Ronald Bronstein (screenplay); Adam Sandler, Lakeith Stanfield, Julia Fox, Kevin Garnett, Idina Menzel, Eric Bogosian Drama Thriller Crime"
Benedict Andrews,Kristen Stewart,Jack O'Connell,Margaret Qualley,Thriller Drama,seberg,Kristen Stewart Jack O'Connell Margaret Qualley Benedict Andrews Thriller Drama
Terrence Malick,August Diehl,Valerie Pachner,Matthias Schoenaerts,History Drama War,a hidden life,August Diehl Valerie Pachner Matthias Schoenaerts Terrence Malick History Drama War
J. J. Abrams,Carrie Fisher,Mark Hamill,Adam Driver,Adventure Action Science Fiction,star wars: the rise of skywalker,Carrie Fisher Mark Hamill Adam Driver J. J. Abrams Adventure Action Science Fiction
Tom Hooper,James Corden,Judi Dench,Jason Derulo,Fantasy Comedy Drama,cats,James Corden Judi Dench Jason Derulo Tom Hooper Fantasy Comedy Drama
Ericson Core,Willem Dafoe,Julianne Nicholson,Christopher Heyerdahl,Adventure Family,togo,Willem Dafoe Julianne Nicholson Christopher Heyerdahl Ericson Core Adventure Family
"Nick Bruno, Troy Quane",Will Smith,Tom Holland,Rashida Jones,Animation Action Adventure Comedy Family,spies in disguise,"Will Smith Tom Holland Rashida Jones Nick Bruno, Troy Quane Animation Action Adventure Comedy Family"
Greta Gerwig,Saoirse Ronan,Emma Watson,Florence Pugh,Drama Romance History,little women,Saoirse Ronan Emma Watson Florence Pugh Greta Gerwig Drama Romance History
Sam Mendes,George MacKay,Dean-Charles Chapman,Mark Strong,War History Thriller Drama,1917,George MacKay Dean-Charles Chapman Mark Strong Sam Mendes War History Thriller Drama
Destin Daniel Cretton,Michael B. Jordan,Jamie Foxx,Brie Larson,Drama Crime History,just mercy,Michael B. Jordan Jamie Foxx Brie Larson Destin Daniel Cretton Drama Crime History
Chinonye Chukwu,Alfre Woodard,Wendell Pierce,Aldis Hodge,Drama,clemency,Alfre Woodard Wendell Pierce Aldis Hodge Chinonye Chukwu Drama
